Species,mean_Temp_photic,mean_O2_photic,mean_CondF_photic,mean_depth_at_5PAR,mean_air_temperature,mean_windspeed,max_windspeed,precipitation_tot,mean_rel_humidity,mean_average_global_radiation,nitrate,ammonium,TN,TP,phosphate,aphanizomenon_growth_lag1,aphanizomenon_growth_lag2,aphanizomenon_growth_lag3,aphanizomenon_growth_lag7,aphanizomenon_growth_rolling_mean_7d,aphanizomenon_growth_rolling_mean_14d,aphanizomenon_growth_rolling_std_7d,aphanizomenon_growth_rolling_std_14d,month_sin,month_cos,day_of_year,month,aphanizomenon_density,aphanizomenon_density_lag1,ascomorpha_growth_lag1,ascomorpha_growth_lag2,ascomorpha_growth_lag3,ascomorpha_growth_lag7,ascomorpha_growth_rolling_mean_7d,ascomorpha_growth_rolling_mean_14d,ascomorpha_growth_rolling_std_7d,ascomorpha_growth_rolling_std_14d,ascomorpha_density,ascomorpha_density_lag1,askenasia_growth_lag1,askenasia_growth_lag2,askenasia_growth_lag3,askenasia_growth_lag7,askenasia_growth_rolling_mean_7d,askenasia_growth_rolling_mean_14d,askenasia_growth_rolling_std_7d,askenasia_growth_rolling_std_14d,askenasia_density,askenasia_density_lag1,asplanchna_growth_lag1,asplanchna_growth_lag2,asplanchna_growth_lag3,asplanchna_growth_lag7,asplanchna_growth_rolling_mean_7d,asplanchna_growth_rolling_mean_14d,asplanchna_growth_rolling_std_7d,asplanchna_growth_rolling_std_14d,asplanchna_density,asplanchna_density_lag1,asterionella_growth_lag1,asterionella_growth_lag2,asterionella_growth_lag3,asterionella_growth_lag7,asterionella_growth_rolling_mean_7d,asterionella_growth_rolling_mean_14d,asterionella_growth_rolling_std_7d,asterionella_growth_rolling_std_14d,asterionella_density,asterionella_density_lag1,aulacoseira_growth_lag1,aulacoseira_growth_lag2,aulacoseira_growth_lag3,aulacoseira_growth_lag7,aulacoseira_growth_rolling_mean_7d,aulacoseira_growth_rolling_mean_14d,aulacoseira_growth_rolling_std_7d,aulacoseira_growth_rolling_std_14d,aulacoseira_density,aulacoseira_density_lag1,bosmina_growth_lag1,bosmina_growth_lag2,bosmina_growth_lag3,bosmina_growth_lag7,bosmina_growth_rolling_mean_7d,bosmina_growth_rolling_mean_14d,bosmina_growth_rolling_std_7d,bosmina_growth_rolling_std_14d,bosmina_density,bosmina_density_lag1,centric_diatom_growth_lag1,centric_diatom_growth_lag2,centric_diatom_growth_lag3,centric_diatom_growth_lag7,centric_diatom_growth_rolling_mean_7d,centric_diatom_growth_rolling_mean_14d,centric_diatom_growth_rolling_std_7d,centric_diatom_growth_rolling_std_14d,centric_diatom_density,centric_diatom_density_lag1,ceratium_growth_lag1,ceratium_growth_lag2,ceratium_growth_lag3,ceratium_growth_lag7,ceratium_growth_rolling_mean_7d,ceratium_growth_rolling_mean_14d,ceratium_growth_rolling_std_7d,ceratium_growth_rolling_std_14d,ceratium_density,ceratium_density_lag1,chaoborus_growth_lag1,chaoborus_growth_lag2,chaoborus_growth_lag3,chaoborus_growth_lag7,chaoborus_growth_rolling_mean_7d,chaoborus_growth_rolling_mean_14d,chaoborus_growth_rolling_std_7d,chaoborus_growth_rolling_std_14d,chaoborus_density,chaoborus_density_lag1,chlorophyte_growth_lag1,chlorophyte_growth_lag2,chlorophyte_growth_lag3,chlorophyte_growth_lag7,chlorophyte_growth_rolling_mean_7d,chlorophyte_growth_rolling_mean_14d,chlorophyte_growth_rolling_std_7d,chlorophyte_growth_rolling_std_14d,chlorophyte_density,chlorophyte_density_lag1,chlorophyte_colonial_growth_lag1,chlorophyte_colonial_growth_lag2,chlorophyte_colonial_growth_lag3,chlorophyte_colonial_growth_lag7,chlorophyte_colonial_growth_rolling_mean_7d,chlorophyte_colonial_growth_rolling_mean_14d,chlorophyte_colonial_growth_rolling_std_7d,chlorophyte_colonial_growth_rolling_std_14d,chlorophyte_colonial_density,chlorophyte_colonial_density_lag1,chroococcales_growth_lag1,chroococcales_growth_lag2,chroococcales_growth_lag3,chroococcales_growth_lag7,chroococcales_growth_rolling_mean_7d,chroococcales_growth_rolling_mean_14d,chroococcales_growth_rolling_std_7d,chroococcales_growth_rolling_std_14d,chroococcales_density,chroococcales_density_lag1,ciliate_growth_lag1,ciliate_growth_lag2,ciliate_growth_lag3,ciliate_growth_lag7,ciliate_growth_rolling_mean_7d,ciliate_growth_rolling_mean_14d,ciliate_growth_rolling_std_7d,ciliate_growth_rolling_std_14d,ciliate_density,ciliate_density_lag1,ciliate_green_growth_lag1,ciliate_green_growth_lag2,ciliate_green_growth_lag3,ciliate_green_growth_lag7,ciliate_green_growth_rolling_mean_7d,ciliate_green_growth_rolling_mean_14d,ciliate_green_growth_rolling_std_7d,ciliate_green_growth_rolling_std_14d,ciliate_green_density,ciliate_green_density_lag1,ciliates_blue_growth_lag1,ciliates_blue_growth_lag2,ciliates_blue_growth_lag3,ciliates_blue_growth_lag7,ciliates_blue_growth_rolling_mean_7d,ciliates_blue_growth_rolling_mean_14d,ciliates_blue_growth_rolling_std_7d,ciliates_blue_growth_rolling_std_14d,ciliates_blue_density,ciliates_blue_density_lag1,closterium_growth_lag1,closterium_growth_lag2,closterium_growth_lag3,closterium_growth_lag7,closterium_growth_rolling_mean_7d,closterium_growth_rolling_mean_14d,closterium_growth_rolling_std_7d,closterium_growth_rolling_std_14d,closterium_density,closterium_density_lag1,coleps_growth_lag1,coleps_growth_lag2,coleps_growth_lag3,coleps_growth_lag7,coleps_growth_rolling_mean_7d,coleps_growth_rolling_mean_14d,coleps_growth_rolling_std_7d,coleps_growth_rolling_std_14d,coleps_density,coleps_density_lag1,conochilus_growth_lag1,conochilus_growth_lag2,conochilus_growth_lag3,conochilus_growth_lag7,conochilus_growth_rolling_mean_7d,conochilus_growth_rolling_mean_14d,conochilus_growth_rolling_std_7d,conochilus_growth_rolling_std_14d,conochilus_density,conochilus_density_lag1,cosmarium_growth_lag1,cosmarium_growth_lag2,cosmarium_growth_lag3,cosmarium_growth_lag7,cosmarium_growth_rolling_mean_7d,cosmarium_growth_rolling_mean_14d,cosmarium_growth_rolling_std_7d,cosmarium_growth_rolling_std_14d,cosmarium_density,cosmarium_density_lag1,cryptophyte_growth_lag1,cryptophyte_growth_lag2,cryptophyte_growth_lag3,cryptophyte_growth_lag7,cryptophyte_growth_rolling_mean_7d,cryptophyte_growth_rolling_mean_14d,cryptophyte_growth_rolling_std_7d,cryptophyte_growth_rolling_std_14d,cryptophyte_density,cryptophyte_density_lag1,cryptophyte_small_growth_lag1,cryptophyte_small_growth_lag2,cryptophyte_small_growth_lag3,cryptophyte_small_growth_lag7,cryptophyte_small_growth_rolling_mean_7d,cryptophyte_small_growth_rolling_mean_14d,cryptophyte_small_growth_rolling_std_7d,cryptophyte_small_growth_rolling_std_14d,cryptophyte_small_density,cryptophyte_small_density_lag1,cyanobacteria_colonial_growth_lag1,cyanobacteria_colonial_growth_lag2,cyanobacteria_colonial_growth_lag3,cyanobacteria_colonial_growth_lag7,cyanobacteria_colonial_growth_rolling_mean_7d,cyanobacteria_colonial_growth_rolling_mean_14d,cyanobacteria_colonial_growth_rolling_std_7d,cyanobacteria_colonial_growth_rolling_std_14d,cyanobacteria_colonial_density,cyanobacteria_colonial_density_lag1,cyanobacteria_filament_growth_lag1,cyanobacteria_filament_growth_lag2,cyanobacteria_filament_growth_lag3,cyanobacteria_filament_growth_lag7,cyanobacteria_filament_growth_rolling_mean_7d,cyanobacteria_filament_growth_rolling_mean_14d,cyanobacteria_filament_growth_rolling_std_7d,cyanobacteria_filament_growth_rolling_std_14d,cyanobacteria_filament_density,cyanobacteria_filament_density_lag1,cyclops_growth_lag1,cyclops_growth_lag2,cyclops_growth_lag3,cyclops_growth_lag7,cyclops_growth_rolling_mean_7d,cyclops_growth_rolling_mean_14d,cyclops_growth_rolling_std_7d,cyclops_growth_rolling_std_14d,cyclops_density,cyclops_density_lag1,daphnia_growth_lag1,daphnia_growth_lag2,daphnia_growth_lag3,daphnia_growth_lag7,daphnia_growth_rolling_mean_7d,daphnia_growth_rolling_mean_14d,daphnia_growth_rolling_std_7d,daphnia_growth_rolling_std_14d,daphnia_density,daphnia_density_lag1,diaphanosoma_growth_lag1,diaphanosoma_growth_lag2,diaphanosoma_growth_lag3,diaphanosoma_growth_lag7,diaphanosoma_growth_rolling_mean_7d,diaphanosoma_growth_rolling_mean_14d,diaphanosoma_growth_rolling_std_7d,diaphanosoma_growth_rolling_std_14d,diaphanosoma_density,diaphanosoma_density_lag1,diatom_growth_lag1,diatom_growth_lag2,diatom_growth_lag3,diatom_growth_lag7,diatom_growth_rolling_mean_7d,diatom_growth_rolling_mean_14d,diatom_growth_rolling_std_7d,diatom_growth_rolling_std_14d,diatom_density,diatom_density_lag1,dinobryon_growth_lag1,dinobryon_growth_lag2,dinobryon_growth_lag3,dinobryon_growth_lag7,dinobryon_growth_rolling_mean_7d,dinobryon_growth_rolling_mean_14d,dinobryon_growth_rolling_std_7d,dinobryon_growth_rolling_std_14d,dinobryon_density,dinobryon_density_lag1,dinoflagellate_growth_lag1,dinoflagellate_growth_lag2,dinoflagellate_growth_lag3,dinoflagellate_growth_lag7,dinoflagellate_growth_rolling_mean_7d,dinoflagellate_growth_rolling_mean_14d,dinoflagellate_growth_rolling_std_7d,dinoflagellate_growth_rolling_std_14d,dinoflagellate_density,dinoflagellate_density_lag1,eudiaptomus_growth_lag1,eudiaptomus_growth_lag2,eudiaptomus_growth_lag3,eudiaptomus_growth_lag7,eudiaptomus_growth_rolling_mean_7d,eudiaptomus_growth_rolling_mean_14d,eudiaptomus_growth_rolling_std_7d,eudiaptomus_growth_rolling_std_14d,eudiaptomus_density,eudiaptomus_density_lag1,fragilaria_growth_lag1,fragilaria_growth_lag2,fragilaria_growth_lag3,fragilaria_growth_lag7,fragilaria_growth_rolling_mean_7d,fragilaria_growth_rolling_mean_14d,fragilaria_growth_rolling_std_7d,fragilaria_growth_rolling_std_14d,fragilaria_density,fragilaria_density_lag1,gymnodinium_growth_lag1,gymnodinium_growth_lag2,gymnodinium_growth_lag3,gymnodinium_growth_lag7,gymnodinium_growth_rolling_mean_7d,gymnodinium_growth_rolling_mean_14d,gymnodinium_growth_rolling_std_7d,gymnodinium_growth_rolling_std_14d,gymnodinium_density,gymnodinium_density_lag1,hormidium_growth_lag1,hormidium_growth_lag2,hormidium_growth_lag3,hormidium_growth_lag7,hormidium_growth_rolling_mean_7d,hormidium_growth_rolling_mean_14d,hormidium_growth_rolling_std_7d,hormidium_growth_rolling_std_14d,hormidium_density,hormidium_density_lag1,kellicottia_growth_lag1,kellicottia_growth_lag2,kellicottia_growth_lag3,kellicottia_growth_lag7,kellicottia_growth_rolling_mean_7d,kellicottia_growth_rolling_mean_14d,kellicottia_growth_rolling_std_7d,kellicottia_growth_rolling_std_14d,kellicottia_density,kellicottia_density_lag1,keratella_growth_lag1,keratella_growth_lag2,keratella_growth_lag3,keratella_growth_lag7,keratella_growth_rolling_mean_7d,keratella_growth_rolling_mean_14d,keratella_growth_rolling_std_7d,keratella_growth_rolling_std_14d,keratella_density,keratella_density_lag1,leptodora_growth_lag1,leptodora_growth_lag2,leptodora_growth_lag3,leptodora_growth_lag7,leptodora_growth_rolling_mean_7d,leptodora_growth_rolling_mean_14d,leptodora_growth_rolling_std_7d,leptodora_growth_rolling_std_14d,leptodora_density,leptodora_density_lag1,mallomonas_growth_lag1,mallomonas_growth_lag2,mallomonas_growth_lag3,mallomonas_growth_lag7,mallomonas_growth_rolling_mean_7d,mallomonas_growth_rolling_mean_14d,mallomonas_growth_rolling_std_7d,mallomonas_growth_rolling_std_14d,mallomonas_density,mallomonas_density_lag1,nauplius_growth_lag1,nauplius_growth_lag2,nauplius_growth_lag3,nauplius_growth_lag7,nauplius_growth_rolling_mean_7d,nauplius_growth_rolling_mean_14d,nauplius_growth_rolling_std_7d,nauplius_growth_rolling_std_14d,nauplius_density,nauplius_density_lag1,paradileptus_growth_lag1,paradileptus_growth_lag2,paradileptus_growth_lag3,paradileptus_growth_lag7,paradileptus_growth_rolling_mean_7d,paradileptus_growth_rolling_mean_14d,paradileptus_growth_rolling_std_7d,paradileptus_growth_rolling_std_14d,paradileptus_density,paradileptus_density_lag1,pediastrum_growth_lag1,pediastrum_growth_lag2,pediastrum_growth_lag3,pediastrum_growth_lag7,pediastrum_growth_rolling_mean_7d,pediastrum_growth_rolling_mean_14d,pediastrum_growth_rolling_std_7d,pediastrum_growth_rolling_std_14d,pediastrum_density,pediastrum_density_lag1,peridinium_growth_lag1,peridinium_growth_lag2,peridinium_growth_lag3,peridinium_growth_lag7,peridinium_growth_rolling_mean_7d,peridinium_growth_rolling_mean_14d,peridinium_growth_rolling_std_7d,peridinium_growth_rolling_std_14d,peridinium_density,peridinium_density_lag1,plankton_growth_lag1,plankton_growth_lag2,plankton_growth_lag3,plankton_growth_lag7,plankton_growth_rolling_mean_7d,plankton_growth_rolling_mean_14d,plankton_growth_rolling_std_7d,plankton_growth_rolling_std_14d,plankton_density,plankton_density_lag1,plankton_y_growth_lag1,plankton_y_growth_lag2,plankton_y_growth_lag3,plankton_y_growth_lag7,plankton_y_growth_rolling_mean_7d,plankton_y_growth_rolling_mean_14d,plankton_y_growth_rolling_std_7d,plankton_y_growth_rolling_std_14d,plankton_y_density,plankton_y_density_lag1,planktosphaeria_growth_lag1,planktosphaeria_growth_lag2,planktosphaeria_growth_lag3,planktosphaeria_growth_lag7,planktosphaeria_growth_rolling_mean_7d,planktosphaeria_growth_rolling_mean_14d,planktosphaeria_growth_rolling_std_7d,planktosphaeria_growth_rolling_std_14d,planktosphaeria_density,planktosphaeria_density_lag1,polyarthra_growth_lag1,polyarthra_growth_lag2,polyarthra_growth_lag3,polyarthra_growth_lag7,polyarthra_growth_rolling_mean_7d,polyarthra_growth_rolling_mean_14d,polyarthra_growth_rolling_std_7d,polyarthra_growth_rolling_std_14d,polyarthra_density,polyarthra_density_lag1,rotifer_growth_lag1,rotifer_growth_lag2,rotifer_growth_lag3,rotifer_growth_lag7,rotifer_growth_rolling_mean_7d,rotifer_growth_rolling_mean_14d,rotifer_growth_rolling_std_7d,rotifer_growth_rolling_std_14d,rotifer_density,rotifer_density_lag1,scenedesmus_growth_lag1,scenedesmus_growth_lag2,scenedesmus_growth_lag3,scenedesmus_growth_lag7,scenedesmus_growth_rolling_mean_7d,scenedesmus_growth_rolling_mean_14d,scenedesmus_growth_rolling_std_7d,scenedesmus_growth_rolling_std_14d,scenedesmus_density,scenedesmus_density_lag1,staurastrum_growth_lag1,staurastrum_growth_lag2,staurastrum_growth_lag3,staurastrum_growth_lag7,staurastrum_growth_rolling_mean_7d,staurastrum_growth_rolling_mean_14d,staurastrum_growth_rolling_std_7d,staurastrum_growth_rolling_std_14d,staurastrum_density,staurastrum_density_lag1,strombidium_growth_lag1,strombidium_growth_lag2,strombidium_growth_lag3,strombidium_growth_lag7,strombidium_growth_rolling_mean_7d,strombidium_growth_rolling_mean_14d,strombidium_growth_rolling_std_7d,strombidium_growth_rolling_std_14d,strombidium_density,strombidium_density_lag1,synchaeta_growth_lag1,synchaeta_growth_lag2,synchaeta_growth_lag3,synchaeta_growth_lag7,synchaeta_growth_rolling_mean_7d,synchaeta_growth_rolling_mean_14d,synchaeta_growth_rolling_std_7d,synchaeta_growth_rolling_std_14d,synchaeta_density,synchaeta_density_lag1,synedra_growth_lag1,synedra_growth_lag2,synedra_growth_lag3,synedra_growth_lag7,synedra_growth_rolling_mean_7d,synedra_growth_rolling_mean_14d,synedra_growth_rolling_std_7d,synedra_growth_rolling_std_14d,synedra_density,synedra_density_lag1,synedra_angustissima_growth_lag1,synedra_angustissima_growth_lag2,synedra_angustissima_growth_lag3,synedra_angustissima_growth_lag7,synedra_angustissima_growth_rolling_mean_7d,synedra_angustissima_growth_rolling_mean_14d,synedra_angustissima_growth_rolling_std_7d,synedra_angustissima_growth_rolling_std_14d,synedra_angustissima_density,synedra_angustissima_density_lag1,synura_growth_lag1,synura_growth_lag2,synura_growth_lag3,synura_growth_lag7,synura_growth_rolling_mean_7d,synura_growth_rolling_mean_14d,synura_growth_rolling_std_7d,synura_growth_rolling_std_14d,synura_density,synura_density_lag1,tetraedron_growth_lag1,tetraedron_growth_lag2,tetraedron_growth_lag3,tetraedron_growth_lag7,tetraedron_growth_rolling_mean_7d,tetraedron_growth_rolling_mean_14d,tetraedron_growth_rolling_std_7d,tetraedron_growth_rolling_std_14d,tetraedron_density,tetraedron_density_lag1,tintinnid_growth_lag1,tintinnid_growth_lag2,tintinnid_growth_lag3,tintinnid_growth_lag7,tintinnid_growth_rolling_mean_7d,tintinnid_growth_rolling_mean_14d,tintinnid_growth_rolling_std_7d,tintinnid_growth_rolling_std_14d,tintinnid_density,tintinnid_density_lag1,trichocerca_growth_lag1,trichocerca_growth_lag2,trichocerca_growth_lag3,trichocerca_growth_lag7,trichocerca_growth_rolling_mean_7d,trichocerca_growth_rolling_mean_14d,trichocerca_growth_rolling_std_7d,trichocerca_growth_rolling_std_14d,trichocerca_density,trichocerca_density_lag1,uroglena_growth_lag1,uroglena_growth_lag2,uroglena_growth_lag3,uroglena_growth_lag7,uroglena_growth_rolling_mean_7d,uroglena_growth_rolling_mean_14d,uroglena_growth_rolling_std_7d,uroglena_growth_rolling_std_14d,uroglena_density,uroglena_density_lag1
aphanizomenon,0.0005162047936889363,0.004754866342062036,0.0005184527162277822,0.00016064683907895778,0.0016523014358625836,0.002945224421359119,0.0009909922945845848,0.0012883610827436455,0.000754022944801523,0.0003081881032932448,0.00046662197187253657,0.0012179221283645657,0.0005510970228922314,0.019076352671005208,0.0015479587192491653,0.18401490214288568,0.000821114195725472,0.0009782356591181204,0.0016265311283640272,0.20879426052384892,0.2596393058504581,0.009041334118606139,0.0012409323554050246,9.33071708569941e-05,5.613618706897642e-05,0.001710531005158635,1.6752605239698875e-05,0.2931217629580143,0.002095680612163846,,,,,,,,,,,,,,,,,,,,,,,,,,,,,,,,,,,,,,,,,,,,,,,,,,,,,,,,,,,,,,,,,,,,,,,,,,,,,,,,,,,,,,,,,,,,,,,,,,,,,,,,,,,,,,,,,,,,,,,,,,,,,,,,,,,,,,,,,,,,,,,,,,,,,,,,,,,,,,,,,,,,,,,,,,,,,,,,,,,,,,,,,,,,,,,,,,,,,,,,,,,,,,,,,,,,,,,,,,,,,,,,,,,,,,,,,,,,,,,,,,,,,,,,,,,,,,,,,,,,,,,,,,,,,,,,,,,,,,,,,,,,,,,,,,,,,,,,,,,,,,,,,,,,,,,,,,,,,,,,,,,,,,,,,,,,,,,,,,,,,,,,,,,,,,,,,,,,,,,,,,,,,,,,,,,,,,,,,,,,,,,,,,,,,,,,,,,,,,,,,,,,,,,,,,,,,,,,,,,,,,,,,,,,,,,,,,,,,,,,,,,,,,,,,,,,,,,,,,,,,,,,,,,,,,,,,,,,,,,,,,,,,,,,,,,,,,,,,,,,,,,,,,,,,,,,,,,,,,,,,,,,,,,,,,,,,,,,,,,,,,,,,,,,,,,,,,,,,,,,,,,,,,,,,,
ascomorpha,0.003008385981183458,0.002870038626707607,0.0008085661634291715,0.0013640184065571513,0.0009229771065895113,0.0017491837780374965,0.0036498848786302566,0.0021275349440292263,0.0012524129347804202,0.0008048983015633072,0.0013345734189402776,0.0026539642363965494,0.005404536143644832,0.002259593992971123,0.002398427430591758,,,,,,,,,0.013237204809606572,8.14895253623929e-05,0.005960797433342573,0.0006993774272614257,,,0.04012297203243847,0.0007690928632449938,0.002156742811826517,0.005742218808626078,0.24909999516351278,0.273124628627218,0.024548802649728144,0.010399872612545484,0.3401838472569742,0.0012639616342602976,,,,,,,,,,,,,,,,,,,,,,,,,,,,,,,,,,,,,,,,,,,,,,,,,,,,,,,,,,,,,,,,,,,,,,,,,,,,,,,,,,,,,,,,,,,,,,,,,,,,,,,,,,,,,,,,,,,,,,,,,,,,,,,,,,,,,,,,,,,,,,,,,,,,,,,,,,,,,,,,,,,,,,,,,,,,,,,,,,,,,,,,,,,,,,,,,,,,,,,,,,,,,,,,,,,,,,,,,,,,,,,,,,,,,,,,,,,,,,,,,,,,,,,,,,,,,,,,,,,,,,,,,,,,,,,,,,,,,,,,,,,,,,,,,,,,,,,,,,,,,,,,,,,,,,,,,,,,,,,,,,,,,,,,,,,,,,,,,,,,,,,,,,,,,,,,,,,,,,,,,,,,,,,,,,,,,,,,,,,,,,,,,,,,,,,,,,,,,,,,,,,,,,,,,,,,,,,,,,,,,,,,,,,,,,,,,,,,,,,,,,,,,,,,,,,,,,,,,,,,,,,,,,,,,,,,,,,,,,,,,,,,,,,,,,,,,,,,,,,,,,,,,,,,,,,,,,,,,,,,,,,,,,,,,,,,,,,,,,,,,,,,,,,,,,,,,,,,,,,,
askenasia,0.009660311831102966,0.0015149835523156783,0.0054730583949074915,0.0037996546218229915,0.005884925079049975,0.0033880670715720094,0.003233040475698967,0.011305731356333884,0.004537740766826528,0.005189419893460877,0.0020423615226187494,0.005315524849641704,0.004822665460943459,0.009835400370170133,0.0257211206273245,,,,,,,,,0.004090075204246049,0.000581702461530631,0.0055324211965260255,0.0005294099921798244,,,,,,,,,,,,,0.006317286003787314,0.0015508812651988018,0.0016267224664141913,0.007175014917467095,0.09617859032036623,0.475956003271738,0.04595458953318854,0.01388138508498051,0.238209385527316,0.0006925268812709558,,,,,,,,,,,,,,,,,,,,,,,,,,,,,,,,,,,,,,,,,,,,,,,,,,,,,,,,,,,,,,,,,,,,,,,,,,,,,,,,,,,,,,,,,,,,,,,,,,,,,,,,,,,,,,,,,,,,,,,,,,,,,,,,,,,,,,,,,,,,,,,,,,,,,,,,,,,,,,,,,,,,,,,,,,,,,,,,,,,,,,,,,,,,,,,,,,,,,,,,,,,,,,,,,,,,,,,,,,,,,,,,,,,,,,,,,,,,,,,,,,,,,,,,,,,,,,,,,,,,,,,,,,,,,,,,,,,,,,,,,,,,,,,,,,,,,,,,,,,,,,,,,,,,,,,,,,,,,,,,,,,,,,,,,,,,,,,,,,,,,,,,,,,,,,,,,,,,,,,,,,,,,,,,,,,,,,,,,,,,,,,,,,,,,,,,,,,,,,,,,,,,,,,,,,,,,,,,,,,,,,,,,,,,,,,,,,,,,,,,,,,,,,,,,,,,,,,,,,,,,,,,,,,,,,,,,,,,,,,,,,,,,,,,,,,,,,,,,,,,,,,,,,,,,,,,,,,,,,,,,,,,,,,,,,,,,,,,,,,,,,,,,,,,,,
asplanchna,0.02944057679803342,0.004535962252028497,0.004718672977635487,0.0013466620809611154,0.007360614572870629,0.004103493030288107,0.0015939896153814403,0.0024098662644821416,0.009285244832345042,0.005379032686715926,0.0006974958399247556,0.012910075678459336,0.0005311819152299561,0.006515856992813068,0.00046048308445253094,,,,,,,,,0.0025904594663933053,0.00030073210832526126,0.0012168172951949776,3.424000579240078e-05,,,,,,,,,,,,,,,,,,,,,,,0.09599714127007193,0.0016434553855860813,0.003948529438081895,0.003091375786742903,0.34137990864310336,0.12130710255155022,0.007492858281031217,0.004784981341706166,0.3225546131041046,0.002368576700694348,,,,,,,,,,,,,,,,,,,,,,,,,,,,,,,,,,,,,,,,,,,,,,,,,,,,,,,,,,,,,,,,,,,,,,,,,,,,,,,,,,,,,,,,,,,,,,,,,,,,,,,,,,,,,,,,,,,,,,,,,,,,,,,,,,,,,,,,,,,,,,,,,,,,,,,,,,,,,,,,,,,,,,,,,,,,,,,,,,,,,,,,,,,,,,,,,,,,,,,,,,,,,,,,,,,,,,,,,,,,,,,,,,,,,,,,,,,,,,,,,,,,,,,,,,,,,,,,,,,,,,,,,,,,,,,,,,,,,,,,,,,,,,,,,,,,,,,,,,,,,,,,,,,,,,,,,,,,,,,,,,,,,,,,,,,,,,,,,,,,,,,,,,,,,,,,,,,,,,,,,,,,,,,,,,,,,,,,,,,,,,,,,,,,,,,,,,,,,,,,,,,,,,,,,,,,,,,,,,,,,,,,,,,,,,,,,,,,,,,,,,,,,,,,,,,,,,,,,,,,,,,,,,,,,,,,,,,,,,,,,,,,,,,,,,,,,,,,,,,,,,,,,,,,,,,,,,,,,,,,,,,,,,,,,,,,,,,,,,,,
asterionella,0.007888904332855667,0.0023444906116064407,0.005573465293393835,0.010474758859730798,0.0017679400262973937,0.002097729616772921,0.00171759287450454,0.0017811903588224327,0.0019841972717273564,0.0022900544005169518,0.0043136714709076495,0.007872285867167192,0.0070594310043310595,0.0025707547219651723,0.001413727049554352,,,,,,,,,0.005180931559581983,0.00018629606318447381,0.004690002233945654,5.496433992776302e-05,,,,,,,,,,,,,,,,,,,,,,,,,,,,,,,,,0.0024772224256688477,0.002634588371276337,0.005469411733675182,0.015106694360769866,0.2511356340776638,0.3122100531218882,0.02679990036272746,0.004341422063581112,0.30832668545822056,0.00023600006773485163,,,,,,,,,,,,,,,,,,,,,,,,,,,,,,,,,,,,,,,,,,,,,,,,,,,,,,,,,,,,,,,,,,,,,,,,,,,,,,,,,,,,,,,,,,,,,,,,,,,,,,,,,,,,,,,,,,,,,,,,,,,,,,,,,,,,,,,,,,,,,,,,,,,,,,,,,,,,,,,,,,,,,,,,,,,,,,,,,,,,,,,,,,,,,,,,,,,,,,,,,,,,,,,,,,,,,,,,,,,,,,,,,,,,,,,,,,,,,,,,,,,,,,,,,,,,,,,,,,,,,,,,,,,,,,,,,,,,,,,,,,,,,,,,,,,,,,,,,,,,,,,,,,,,,,,,,,,,,,,,,,,,,,,,,,,,,,,,,,,,,,,,,,,,,,,,,,,,,,,,,,,,,,,,,,,,,,,,,,,,,,,,,,,,,,,,,,,,,,,,,,,,,,,,,,,,,,,,,,,,,,,,,,,,,,,,,,,,,,,,,,,,,,,,,,,,,,,,,,,,,,,,,,,,,,,,,,,,,,,,,,,,,,,,,,,,,,,,,,,,,,,,,,,,,,,,,,,,,,,,,,,,,,,,,,
aulacoseira,0.019372344719238772,0.00245834015295905,0.0026041906496688354,0.002174443416954009,0.009069281126845232,0.0029280720338179826,0.0018696069004737225,0.003442511806406492,0.0016683439744478888,0.004299586511983208,0.0008432864666068816,0.004473506089649844,0.0009639509148224536,0.0018175303219028877,0.001769873422389024,,,,,,,,,0.00038851026282840905,0.00011026708458821224,0.0024126703920343776,0.00029934339881277435,,,,,,,,,,,,,,,,,,,,,,,,,,,,,,,,,,,,,,,,,,,0.0014269135464431823,0.0007164319148825267,0.001038372694789976,0.004597714503552401,0.24246949038556204,0.29638515240060426,0.02323874722977586,0.010144939405075468,0.35683244941090964,0.0001841288619746898,,,,,,,,,,,,,,,,,,,,,,,,,,,,,,,,,,,,,,,,,,,,,,,,,,,,,,,,,,,,,,,,,,,,,,,,,,,,,,,,,,,,,,,,,,,,,,,,,,,,,,,,,,,,,,,,,,,,,,,,,,,,,,,,,,,,,,,,,,,,,,,,,,,,,,,,,,,,,,,,,,,,,,,,,,,,,,,,,,,,,,,,,,,,,,,,,,,,,,,,,,,,,,,,,,,,,,,,,,,,,,,,,,,,,,,,,,,,,,,,,,,,,,,,,,,,,,,,,,,,,,,,,,,,,,,,,,,,,,,,,,,,,,,,,,,,,,,,,,,,,,,,,,,,,,,,,,,,,,,,,,,,,,,,,,,,,,,,,,,,,,,,,,,,,,,,,,,,,,,,,,,,,,,,,,,,,,,,,,,,,,,,,,,,,,,,,,,,,,,,,,,,,,,,,,,,,,,,,,,,,,,,,,,,,,,,,,,,,,,,,,,,,,,,,,,,,,,,,,,,,,,,,,,,,,,,,,,,,,,,,,,,,,,,,,,,,,,,,,,,,,,,,,,,,,,,,,,,,,,,
bosmina,0.003103760775311347,0.0034802647814044458,0.0030822606677802997,0.004529807446412038,0.0027507670138993967,0.002630184067098854,0.005181619243286363,0.002108337673715858,0.0014793614692197904,0.004158204705747791,0.004303654848515795,0.002058888047391913,0.0021622124523668434,0.0023273307726389665,0.0071154879099044,,,,,,,,,0.0018966415094852022,0.00016969406408979057,0.004187662795976024,0.0008372365984033864,,,,,,,,,,,,,,,,,,,,,,,,,,,,,,,,,,,,,,,,,,,,,,,,,,,,,0.003947004688176091,0.002027169904221404,0.003003051827069952,0.009944434803643471,0.20359292590907327,0.285079816307561,0.14805835807385406,0.0038855573388812937,0.27918210871730154,0.0037161955875693294,,,,,,,,,,,,,,,,,,,,,,,,,,,,,,,,,,,,,,,,,,,,,,,,,,,,,,,,,,,,,,,,,,,,,,,,,,,,,,,,,,,,,,,,,,,,,,,,,,,,,,,,,,,,,,,,,,,,,,,,,,,,,,,,,,,,,,,,,,,,,,,,,,,,,,,,,,,,,,,,,,,,,,,,,,,,,,,,,,,,,,,,,,,,,,,,,,,,,,,,,,,,,,,,,,,,,,,,,,,,,,,,,,,,,,,,,,,,,,,,,,,,,,,,,,,,,,,,,,,,,,,,,,,,,,,,,,,,,,,,,,,,,,,,,,,,,,,,,,,,,,,,,,,,,,,,,,,,,,,,,,,,,,,,,,,,,,,,,,,,,,,,,,,,,,,,,,,,,,,,,,,,,,,,,,,,,,,,,,,,,,,,,,,,,,,,,,,,,,,,,,,,,,,,,,,,,,,,,,,,,,,,,,,,,,,,,,,,,,,,,,,,,,,,,,,,,,,,,,,,,,,,,,,,,,,,,,,,,,,,,,,,,,,,,,,,,,,,,,,,,,,,,,,,,,
centric_diatom,0.010943472846245089,0.014760451672964543,0.013485409905710052,0.009614364522726324,0.008639836870445667,0.03180103997262371,0.012551720597267162,0.015508658444489405,0.011235531852968394,0.010581198580572788,0.013365450135246492,0.009700455898516576,0.02843752543406243,0.01066393517845386,0.010368787706846228,,,,,,,,,0.0026992296500526446,0.001752557665145546,0.01247522415272354,0.0016939918837317969,,,,,,,,,,,,,,,,,,,,,,,,,,,,,,,,,,,,,,,,,,,,,,,,,,,,,,,,,,,,,,,0.19274482848218372,0.04364431686755573,0.03507810136950014,0.04781916203445267,0.21613498257538122,0.0509493098552762,0.04671203011185075,0.030049196816346907,0.09470603947529206,0.01188318944136842,,,,,,,,,,,,,,,,,,,,,,,,,,,,,,,,,,,,,,,,,,,,,,,,,,,,,,,,,,,,,,,,,,,,,,,,,,,,,,,,,,,,,,,,,,,,,,,,,,,,,,,,,,,,,,,,,,,,,,,,,,,,,,,,,,,,,,,,,,,,,,,,,,,,,,,,,,,,,,,,,,,,,,,,,,,,,,,,,,,,,,,,,,,,,,,,,,,,,,,,,,,,,,,,,,,,,,,,,,,,,,,,,,,,,,,,,,,,,,,,,,,,,,,,,,,,,,,,,,,,,,,,,,,,,,,,,,,,,,,,,,,,,,,,,,,,,,,,,,,,,,,,,,,,,,,,,,,,,,,,,,,,,,,,,,,,,,,,,,,,,,,,,,,,,,,,,,,,,,,,,,,,,,,,,,,,,,,,,,,,,,,,,,,,,,,,,,,,,,,,,,,,,,,,,,,,,,,,,,,,,,,,,,,,,,,,,,,,,,,,,,,,,,,,,,,,,,,,,,,,,,,,,,,,,,,,,,,,,,,,,,,,,,,,,,,,,,,,,,,,
ceratium,0.001995776753589941,0.016356543155850178,0.00930578669963255,0.0025637391176386933,0.0018565865658955066,0.0008433135591471506,0.0021671653829459627,0.001413232512844124,0.001324801804399651,0.00035891941606699176,0.004852403543165503,0.002809326096916294,0.00342548569264733,0.0162981032884765,0.009179314874706572,,,,,,,,,1.2676097781725303e-05,0.00048584342029947943,0.0018360479475958069,0.00012897177619395088,,,,,,,,,,,,,,,,,,,,,,,,,,,,,,,,,,,,,,,,,,,,,,,,,,,,,,,,,,,,,,,,,,,,,,,,,0.003535454369831131,0.002315672839012966,0.0011800595356025465,0.014139808986152663,0.20432308006000244,0.33760700042907793,0.034772621288482713,0.012988567382760554,0.31135103194003827,0.0005726654632446967,,,,,,,,,,,,,,,,,,,,,,,,,,,,,,,,,,,,,,,,,,,,,,,,,,,,,,,,,,,,,,,,,,,,,,,,,,,,,,,,,,,,,,,,,,,,,,,,,,,,,,,,,,,,,,,,,,,,,,,,,,,,,,,,,,,,,,,,,,,,,,,,,,,,,,,,,,,,,,,,,,,,,,,,,,,,,,,,,,,,,,,,,,,,,,,,,,,,,,,,,,,,,,,,,,,,,,,,,,,,,,,,,,,,,,,,,,,,,,,,,,,,,,,,,,,,,,,,,,,,,,,,,,,,,,,,,,,,,,,,,,,,,,,,,,,,,,,,,,,,,,,,,,,,,,,,,,,,,,,,,,,,,,,,,,,,,,,,,,,,,,,,,,,,,,,,,,,,,,,,,,,,,,,,,,,,,,,,,,,,,,,,,,,,,,,,,,,,,,,,,,,,,,,,,,,,,,,,,,,,,,,,,,,,,,,,,,,,,,,,,,,,,,,,,,,,,,,,,,,,,,,,,,,,,,,,,,,,,,,,,,,,,,,,,,
chaoborus,0.005163026762007456,0.0012673766140805947,0.024080636504768195,0.0011667957765910267,0.0023304848617961946,0.001651992070183494,0.0010187781122700946,0.0033293984566373906,0.000838527785858426,0.002054186465766032,0.0013401367936368008,0.004631701615722556,0.0014078266229294984,0.00470261828301297,0.0016334785989287931,,,,,,,,,0.0004465810805713238,0.002889094706684452,0.0027012517311060663,0.00018184370294158905,,,,,,,,,,,,,,,,,,,,,,,,,,,,,,,,,,,,,,,,,,,,,,,,,,,,,,,,,,,,,,,,,,,,,,,,,,,,,,,,,,,0.04673428798932494,0.00177838120967979,0.0019499058208947895,0.0035606672223806417,0.1728712543049119,0.3562190148533023,0.020604427371489514,0.0015289594390675684,0.3280490938700277,0.003868271373428027,,,,,,,,,,,,,,,,,,,,,,,,,,,,,,,,,,,,,,,,,,,,,,,,,,,,,,,,,,,,,,,,,,,,,,,,,,,,,,,,,,,,,,,,,,,,,,,,,,,,,,,,,,,,,,,,,,,,,,,,,,,,,,,,,,,,,,,,,,,,,,,,,,,,,,,,,,,,,,,,,,,,,,,,,,,,,,,,,,,,,,,,,,,,,,,,,,,,,,,,,,,,,,,,,,,,,,,,,,,,,,,,,,,,,,,,,,,,,,,,,,,,,,,,,,,,,,,,,,,,,,,,,,,,,,,,,,,,,,,,,,,,,,,,,,,,,,,,,,,,,,,,,,,,,,,,,,,,,,,,,,,,,,,,,,,,,,,,,,,,,,,,,,,,,,,,,,,,,,,,,,,,,,,,,,,,,,,,,,,,,,,,,,,,,,,,,,,,,,,,,,,,,,,,,,,,,,,,,,,,,,,,,,,,,,,,,,,,,,,,,,,,,,,,,,,,,,,,,,,,,,,,,,,,,,,,,,,,,,,,
chlorophyte,0.016270486076299412,0.0189997577909863,0.025021822576492228,0.01671739779807646,0.016757629356859996,0.02988508272640907,0.021331476062806057,0.016133146499711256,0.019799924772281326,0.013949085450960349,0.015822037037809804,0.015283191489451757,0.023718449549209746,0.016390346403125092,0.014759562352032688,,,,,,,,,0.0025333598204291645,0.002504447663934416,0.020704571933239654,0.0015830961726296285,,,,,,,,,,,,,,,,,,,,,,,,,,,,,,,,,,,,,,,,,,,,,,,,,,,,,,,,,,,,,,,,,,,,,,,,,,,,,,,,,,,,,,,,,,,,,0.10582675467559222,0.0589859477007914,0.03996573863101432,0.036825660592649495,0.23087485505056218,0.03861687350723285,0.06559960661852454,0.036470765114854996,0.041902912255739784,0.03676601432029402,,,,,,,,,,,,,,,,,,,,,,,,,,,,,,,,,,,,,,,,,,,,,,,,,,,,,,,,,,,,,,,,,,,,,,,,,,,,,,,,,,,,,,,,,,,,,,,,,,,,,,,,,,,,,,,,,,,,,,,,,,,,,,,,,,,,,,,,,,,,,,,,,,,,,,,,,,,,,,,,,,,,,,,,,,,,,,,,,,,,,,,,,,,,,,,,,,,,,,,,,,,,,,,,,,,,,,,,,,,,,,,,,,,,,,,,,,,,,,,,,,,,,,,,,,,,,,,,,,,,,,,,,,,,,,,,,,,,,,,,,,,,,,,,,,,,,,,,,,,,,,,,,,,,,,,,,,,,,,,,,,,,,,,,,,,,,,,,,,,,,,,,,,,,,,,,,,,,,,,,,,,,,,,,,,,,,,,,,,,,,,,,,,,,,,,,,,,,,,,,,,,,,,,,,,,,,,,,,,,,,,,,,,,,,,,,,,,,,,,,,,,,,,,,,,,,,,,,,,,,,,,,,,,,,,
chlorophyte_colonial,0.012849023922130805,0.016565336147889295,0.01579550822631828,0.026223633700287775,0.01632215170566227,0.02146830621131292,0.01921149194188554,0.013289067001844892,0.018226987236437567,0.018615104327359,0.02525805292039159,0.01907184281465079,0.012236615746180788,0.015235372203485083,0.014238545355289182,,,,,,,,,0.003032548543923382,0.0035835769160812094,0.012357952552713677,0.0012909222919287946,,,,,,,,,,,,,,,,,,,,,,,,,,,,,,,,,,,,,,,,,,,,,,,,,,,,,,,,,,,,,,,,,,,,,,,,,,,,,,,,,,,,,,,,,,,,,,,,,,,,,,,0.11842818141322922,0.04554451196106489,0.04368813436320676,0.0340476767227345,0.2727674312437008,0.0350935550292404,0.06231690547579725,0.03004210521456058,0.03658958460549662,0.03660987420519593,,,,,,,,,,,,,,,,,,,,,,,,,,,,,,,,,,,,,,,,,,,,,,,,,,,,,,,,,,,,,,,,,,,,,,,,,,,,,,,,,,,,,,,,,,,,,,,,,,,,,,,,,,,,,,,,,,,,,,,,,,,,,,,,,,,,,,,,,,,,,,,,,,,,,,,,,,,,,,,,,,,,,,,,,,,,,,,,,,,,,,,,,,,,,,,,,,,,,,,,,,,,,,,,,,,,,,,,,,,,,,,,,,,,,,,,,,,,,,,,,,,,,,,,,,,,,,,,,,,,,,,,,,,,,,,,,,,,,,,,,,,,,,,,,,,,,,,,,,,,,,,,,,,,,,,,,,,,,,,,,,,,,,,,,,,,,,,,,,,,,,,,,,,,,,,,,,,,,,,,,,,,,,,,,,,,,,,,,,,,,,,,,,,,,,,,,,,,,,,,,,,,,,,,,,,,,,,,,,,,,,,,,,,,,,,,,,,,,,,,,,,,,,,,,,,,,,,,,,,,
chroococcales,0.002130404161771516,0.0001641702925476824,0.0039006044154578784,0.004819222100714985,0.00016689046158718617,0.002263135245605797,0.0011686293056704998,0.0011697792440729532,0.0022266047009353762,0.004275046900058488,0.004712854513276636,0.0072370965815522735,0.005157130272179409,0.03406644636153728,0.03339087128157174,,,,,,,,,0.0011877233101125096,2.559694390639853e-06,0.004861838403998414,0.0003661104083005902,,,,,,,,,,,,,,,,,,,,,,,,,,,,,,,,,,,,,,,,,,,,,,,,,,,,,,,,,,,,,,,,,,,,,,,,,,,,,,,,,,,,,,,,,,,,,,,,,,,,,,,,,,,,,,,,,0.02361197822279945,0.004265586867653792,0.002946111501969185,0.003765839425625681,0.16813086181263528,0.34942936452378986,0.03616563405463281,0.0035414793903931654,0.29455298719953743,0.00032303934562155574,,,,,,,,,,,,,,,,,,,,,,,,,,,,,,,,,,,,,,,,,,,,,,,,,,,,,,,,,,,,,,,,,,,,,,,,,,,,,,,,,,,,,,,,,,,,,,,,,,,,,,,,,,,,,,,,,,,,,,,,,,,,,,,,,,,,,,,,,,,,,,,,,,,,,,,,,,,,,,,,,,,,,,,,,,,,,,,,,,,,,,,,,,,,,,,,,,,,,,,,,,,,,,,,,,,,,,,,,,,,,,,,,,,,,,,,,,,,,,,,,,,,,,,,,,,,,,,,,,,,,,,,,,,,,,,,,,,,,,,,,,,,,,,,,,,,,,,,,,,,,,,,,,,,,,,,,,,,,,,,,,,,,,,,,,,,,,,,,,,,,,,,,,,,,,,,,,,,,,,,,,,,,,,,,,,,,,,,,,,,,,,,,,,,,,,,,,,,,,,,,,,,,,,,,,,,,,,,,,,,,,,,,,,,,,,,,,,,,,,,,,,,,,,,,,
ciliate,0.011481293760243387,0.012173167565464726,0.01357900745370941,0.013022921465051638,0.00960836644185862,0.011355753639791563,0.013375119696631013,0.012573111697352283,0.021179090084383834,0.015451123768454532,0.019614510047454622,0.01295939498121217,0.01659670023651412,0.011066439005366836,0.010647245179393463,,,,,,,,,0.00486823377755088,0.002135193980223626,0.009509013907196438,0.0016653160123734098,,,,,,,,,,,,,,,,,,,,,,,,,,,,,,,,,,,,,,,,,,,,,,,,,,,,,,,,,,,,,,,,,,,,,,,,,,,,,,,,,,,,,,,,,,,,,,,,,,,,,,,,,,,,,,,,,,,,,,,,,,,0.20738675695515293,0.048558938588293056,0.023326164258231294,0.04206738612372241,0.2042658268287695,0.051812560291210986,0.051759051866617306,0.03248834527148134,0.09526375337195286,0.02021021374434183,,,,,,,,,,,,,,,,,,,,,,,,,,,,,,,,,,,,,,,,,,,,,,,,,,,,,,,,,,,,,,,,,,,,,,,,,,,,,,,,,,,,,,,,,,,,,,,,,,,,,,,,,,,,,,,,,,,,,,,,,,,,,,,,,,,,,,,,,,,,,,,,,,,,,,,,,,,,,,,,,,,,,,,,,,,,,,,,,,,,,,,,,,,,,,,,,,,,,,,,,,,,,,,,,,,,,,,,,,,,,,,,,,,,,,,,,,,,,,,,,,,,,,,,,,,,,,,,,,,,,,,,,,,,,,,,,,,,,,,,,,,,,,,,,,,,,,,,,,,,,,,,,,,,,,,,,,,,,,,,,,,,,,,,,,,,,,,,,,,,,,,,,,,,,,,,,,,,,,,,,,,,,,,,,,,,,,,,,,,,,,,,,,,,,,,,,,,,,,,,,,,,,,,,,,,,,,,,,,,,,,,,,,,,,,,,,,,,,,,,
ciliate_green,0.03509773605564278,0.0018202331609640631,0.017544594425839277,0.0027329156631772755,0.0031570398743494656,0.002012210917928399,0.0020994033687324583,0.0014431115594532465,0.0018972935276387027,0.0031351070472544072,0.0013030532399476117,0.002553303437967768,0.002250447461405574,0.006745022167701178,0.008765579413587203,,,,,,,,,0.016441071341437255,9.481467206936966e-05,0.004116585467809898,0.0002088844573160061,,,,,,,,,,,,,,,,,,,,,,,,,,,,,,,,,,,,,,,,,,,,,,,,,,,,,,,,,,,,,,,,,,,,,,,,,,,,,,,,,,,,,,,,,,,,,,,,,,,,,,,,,,,,,,,,,,,,,,,,,,,,,,,,,,,,,0.2142865381844829,0.0189792474021259,0.0016534322885046976,0.008378541350581166,0.23170840599793002,0.13239518308613665,0.016035353797741944,0.0020050601253087537,0.25447206596544497,0.006667764541521,,,,,,,,,,,,,,,,,,,,,,,,,,,,,,,,,,,,,,,,,,,,,,,,,,,,,,,,,,,,,,,,,,,,,,,,,,,,,,,,,,,,,,,,,,,,,,,,,,,,,,,,,,,,,,,,,,,,,,,,,,,,,,,,,,,,,,,,,,,,,,,,,,,,,,,,,,,,,,,,,,,,,,,,,,,,,,,,,,,,,,,,,,,,,,,,,,,,,,,,,,,,,,,,,,,,,,,,,,,,,,,,,,,,,,,,,,,,,,,,,,,,,,,,,,,,,,,,,,,,,,,,,,,,,,,,,,,,,,,,,,,,,,,,,,,,,,,,,,,,,,,,,,,,,,,,,,,,,,,,,,,,,,,,,,,,,,,,,,,,,,,,,,,,,,,,,,,,,,,,,,,,,,,,,,,,,,,,,,,,,,,,,,,,,,,,,,,,,,,,,,,,,,,,,,,,,,,,,,,,,,,,,,,,,,
ciliates_blue,0.004658346312644337,0.0009145082830045403,0.0027629469634158645,0.005743016847797595,0.0012682798927980549,0.0005159242153217089,0.0017279621329083267,0.0007221110637203841,0.0030926008634614196,0.0009036426851268725,0.0006419921289598458,0.0025927159601112893,0.0043773153925512984,0.0003385903766187786,0.004386080912665094,,,,,,,,,0.0001316202135133529,0.006381556597395035,0.0006153199818106995,0.0038406236067289956,,,,,,,,,,,,,,,,,,,,,,,,,,,,,,,,,,,,,,,,,,,,,,,,,,,,,,,,,,,,,,,,,,,,,,,,,,,,,,,,,,,,,,,,,,,,,,,,,,,,,,,,,,,,,,,,,,,,,,,,,,,,,,,,,,,,,,,,,,,,,,,0.2503174721667626,0.0033645373947817493,0.004678877244198567,0.0017146546355756532,0.2539450022083411,0.17514750848367588,0.01652236657282609,0.05676583676261898,0.1899869708907197,0.00194161920994617,,,,,,,,,,,,,,,,,,,,,,,,,,,,,,,,,,,,,,,,,,,,,,,,,,,,,,,,,,,,,,,,,,,,,,,,,,,,,,,,,,,,,,,,,,,,,,,,,,,,,,,,,,,,,,,,,,,,,,,,,,,,,,,,,,,,,,,,,,,,,,,,,,,,,,,,,,,,,,,,,,,,,,,,,,,,,,,,,,,,,,,,,,,,,,,,,,,,,,,,,,,,,,,,,,,,,,,,,,,,,,,,,,,,,,,,,,,,,,,,,,,,,,,,,,,,,,,,,,,,,,,,,,,,,,,,,,,,,,,,,,,,,,,,,,,,,,,,,,,,,,,,,,,,,,,,,,,,,,,,,,,,,,,,,,,,,,,,,,,,,,,,,,,,,,,,,,,,,,,,,,,,,,,,,,,,,,,,,,,,,,,,,,,,,,,,,,,,,,,,,,,,,,,,,,,,,,,,,,,,
closterium,0.001521301824679413,0.0017318171668892553,0.0015666866667726315,0.018361979671004256,0.011554207141032277,0.0029134797359271778,0.0015854582381190018,0.007984918128749357,0.0036164588519840297,0.0029482133321501566,0.004574548408060543,0.0016722567977157262,0.0008593722229741633,0.0065082673070780165,0.0035425630840398804,,,,,,,,,7.902803825245883e-05,4.19328639070717e-05,0.0005158380375047894,4.0210987809718635e-05,,,,,,,,,,,,,,,,,,,,,,,,,,,,,,,,,,,,,,,,,,,,,,,,,,,,,,,,,,,,,,,,,,,,,,,,,,,,,,,,,,,,,,,,,,,,,,,,,,,,,,,,,,,,,,,,,,,,,,,,,,,,,,,,,,,,,,,,,,,,,,,,,,,,,,,,,0.033440227044501745,0.003642281389559949,0.0016305729429389726,0.005580693281486875,0.059270525307492126,0.4189232080491001,0.027138574635938342,0.057638975172528445,0.3205376226073574,0.0005787810644461551,,,,,,,,,,,,,,,,,,,,,,,,,,,,,,,,,,,,,,,,,,,,,,,,,,,,,,,,,,,,,,,,,,,,,,,,,,,,,,,,,,,,,,,,,,,,,,,,,,,,,,,,,,,,,,,,,,,,,,,,,,,,,,,,,,,,,,,,,,,,,,,,,,,,,,,,,,,,,,,,,,,,,,,,,,,,,,,,,,,,,,,,,,,,,,,,,,,,,,,,,,,,,,,,,,,,,,,,,,,,,,,,,,,,,,,,,,,,,,,,,,,,,,,,,,,,,,,,,,,,,,,,,,,,,,,,,,,,,,,,,,,,,,,,,,,,,,,,,,,,,,,,,,,,,,,,,,,,,,,,,,,,,,,,,,,,,,,,,,,,,,,,,,,,,,,,,,,,,,,,,,,,,,,,,,,,,,,,,,,,,,,,,,,,,,,,,,,,,,,,,,,,,,,,,,
coleps,0.0009021816513613289,0.004789053885606052,0.0012519157284393316,0.0014478663949887183,0.0029347382555774265,0.0016984403899650536,0.003141857417286031,0.0016521785744760655,0.007192570888357493,0.0009469091236023111,0.000729611587403086,0.0014625165946677192,0.0019415951413172333,0.0024348119668473863,0.0032490463780085266,,,,,,,,,0.0014961544780052747,0.000523071145697363,0.016454337138090504,0.0013162247591017595,,,,,,,,,,,,,,,,,,,,,,,,,,,,,,,,,,,,,,,,,,,,,,,,,,,,,,,,,,,,,,,,,,,,,,,,,,,,,,,,,,,,,,,,,,,,,,,,,,,,,,,,,,,,,,,,,,,,,,,,,,,,,,,,,,,,,,,,,,,,,,,,,,,,,,,,,,,,,,,,,,,0.006041258202393833,0.00854050898876926,0.008646202398703583,0.005336365311430152,0.20536190954438205,0.35094511413126817,0.04134372029865516,0.009533098292832016,0.30456655245081565,0.004120188881951627,,,,,,,,,,,,,,,,,,,,,,,,,,,,,,,,,,,,,,,,,,,,,,,,,,,,,,,,,,,,,,,,,,,,,,,,,,,,,,,,,,,,,,,,,,,,,,,,,,,,,,,,,,,,,,,,,,,,,,,,,,,,,,,,,,,,,,,,,,,,,,,,,,,,,,,,,,,,,,,,,,,,,,,,,,,,,,,,,,,,,,,,,,,,,,,,,,,,,,,,,,,,,,,,,,,,,,,,,,,,,,,,,,,,,,,,,,,,,,,,,,,,,,,,,,,,,,,,,,,,,,,,,,,,,,,,,,,,,,,,,,,,,,,,,,,,,,,,,,,,,,,,,,,,,,,,,,,,,,,,,,,,,,,,,,,,,,,,,,,,,,,,,,,,,,,,,,,,,,,,,,,,,,,,,,,,,,,,,,,,,,,,,,,,,,,,,,,,,,,,
conochilus,0.010194202577488704,0.009166945513260655,0.006122363005540524,0.003937020512767136,0.003454942542446892,0.0031097224771990807,0.0030487814292513103,0.002108055601516529,0.0014751816994714457,0.006036224480267611,0.0032046618420107902,0.00674431215628887,0.0030269896923582535,0.002791347969252654,0.0011962146556708702,,,,,,,,,0.005327395510631363,0.0038983316222389198,0.011574039692016425,0.004925797933861853,,,,,,,,,,,,,,,,,,,,,,,,,,,,,,,,,,,,,,,,,,,,,,,,,,,,,,,,,,,,,,,,,,,,,,,,,,,,,,,,,,,,,,,,,,,,,,,,,,,,,,,,,,,,,,,,,,,,,,,,,,,,,,,,,,,,,,,,,,,,,,,,,,,,,,,,,,,,,,,,,,,,,,,,,,,,,0.006396404155506827,0.006448052911325893,0.004018917454647857,0.02156053566113953,0.18313805857564044,0.40759104765975807,0.016299910233537974,0.014481584582256481,0.24530678298897132,0.0034161748636756966,,,,,,,,,,,,,,,,,,,,,,,,,,,,,,,,,,,,,,,,,,,,,,,,,,,,,,,,,,,,,,,,,,,,,,,,,,,,,,,,,,,,,,,,,,,,,,,,,,,,,,,,,,,,,,,,,,,,,,,,,,,,,,,,,,,,,,,,,,,,,,,,,,,,,,,,,,,,,,,,,,,,,,,,,,,,,,,,,,,,,,,,,,,,,,,,,,,,,,,,,,,,,,,,,,,,,,,,,,,,,,,,,,,,,,,,,,,,,,,,,,,,,,,,,,,,,,,,,,,,,,,,,,,,,,,,,,,,,,,,,,,,,,,,,,,,,,,,,,,,,,,,,,,,,,,,,,,,,,,,,,,,,,,,,,,,,,,,,,,,,,,,,,,,,,,,,,,,,,,,,,,,,,,,,,,,,,,,,,,,,,,,,,,,,,
cosmarium,0.012138279557260736,0.007836488489688268,0.0052438223297661575,0.004379010683213304,0.006459580351679016,0.001970082975887852,0.004309701675151943,0.003231332795718284,0.003435908864377313,0.0037684747084433543,0.00645423236869016,0.006256183208079001,0.008213551001708279,0.0032159318064725584,0.0082718514746248,,,,,,,,,0.0010277580159041696,0.0001541067335544789,0.006639202303906512,0.0003196492792050786,,,,,,,,,,,,,,,,,,,,,,,,,,,,,,,,,,,,,,,,,,,,,,,,,,,,,,,,,,,,,,,,,,,,,,,,,,,,,,,,,,,,,,,,,,,,,,,,,,,,,,,,,,,,,,,,,,,,,,,,,,,,,,,,,,,,,,,,,,,,,,,,,,,,,,,,,,,,,,,,,,,,,,,,,,,,,,,,,,,,,,,0.01334447162369625,0.004801691015976806,0.006392037546689726,0.011613976219887918,0.13485793705125795,0.3946993301950529,0.06655653862716904,0.009407817342047809,0.26190737846518325,0.0030936732897072937,,,,,,,,,,,,,,,,,,,,,,,,,,,,,,,,,,,,,,,,,,,,,,,,,,,,,,,,,,,,,,,,,,,,,,,,,,,,,,,,,,,,,,,,,,,,,,,,,,,,,,,,,,,,,,,,,,,,,,,,,,,,,,,,,,,,,,,,,,,,,,,,,,,,,,,,,,,,,,,,,,,,,,,,,,,,,,,,,,,,,,,,,,,,,,,,,,,,,,,,,,,,,,,,,,,,,,,,,,,,,,,,,,,,,,,,,,,,,,,,,,,,,,,,,,,,,,,,,,,,,,,,,,,,,,,,,,,,,,,,,,,,,,,,,,,,,,,,,,,,,,,,,,,,,,,,,,,,,,,,,,,,,,,,,,,,,,,,,,,,,,,,,,,,,,,,,,,,,,,,,,,,,,,,,,,,,,,,,,,,
cryptophyte,0.013375810332643316,0.02437758062589681,0.020070095857443265,0.01851498722232474,0.015971963399602024,0.020503443312229943,0.017899205182756395,0.0170999188406758,0.030670523023872524,0.014620426172951027,0.01339967559239481,0.0165417735208672,0.014029896848899333,0.010767999481725314,0.019705085245432928,,,,,,,,,0.004767996633559267,0.0026135291399861467,0.01369782014296005,0.0015858977869722983,,,,,,,,,,,,,,,,,,,,,,,,,,,,,,,,,,,,,,,,,,,,,,,,,,,,,,,,,,,,,,,,,,,,,,,,,,,,,,,,,,,,,,,,,,,,,,,,,,,,,,,,,,,,,,,,,,,,,,,,,,,,,,,,,,,,,,,,,,,,,,,,,,,,,,,,,,,,,,,,,,,,,,,,,,,,,,,,,,,,,,,,,,,,,,,,,0.08995438767558703,0.06260815802974436,0.049149841729947685,0.039414315473122456,0.21172290845709618,0.03791442916189724,0.07285047323756522,0.031360719695645516,0.08075269380716643,0.034058444369034796,,,,,,,,,,,,,,,,,,,,,,,,,,,,,,,,,,,,,,,,,,,,,,,,,,,,,,,,,,,,,,,,,,,,,,,,,,,,,,,,,,,,,,,,,,,,,,,,,,,,,,,,,,,,,,,,,,,,,,,,,,,,,,,,,,,,,,,,,,,,,,,,,,,,,,,,,,,,,,,,,,,,,,,,,,,,,,,,,,,,,,,,,,,,,,,,,,,,,,,,,,,,,,,,,,,,,,,,,,,,,,,,,,,,,,,,,,,,,,,,,,,,,,,,,,,,,,,,,,,,,,,,,,,,,,,,,,,,,,,,,,,,,,,,,,,,,,,,,,,,,,,,,,,,,,,,,,,,,,,,,,,,,,,,,,,,,,,,,,,,,,,,,,,,,,,,,,,,,,,,,,,,,,,,,,
cryptophyte_small,0.012955517434915995,0.018287631073060147,0.01428784526977487,0.01684959671829396,0.013306586689102432,0.02300350685281155,0.01812780009551567,0.0180910306805242,0.026121895235758155,0.01866461371650425,0.01730447611381697,0.017756257491720218,0.019756277877834176,0.015372703135701207,0.01717921822600491,,,,,,,,,0.004603053942179699,0.0030807155252561115,0.01899970448779771,0.0028053214339434965,,,,,,,,,,,,,,,,,,,,,,,,,,,,,,,,,,,,,,,,,,,,,,,,,,,,,,,,,,,,,,,,,,,,,,,,,,,,,,,,,,,,,,,,,,,,,,,,,,,,,,,,,,,,,,,,,,,,,,,,,,,,,,,,,,,,,,,,,,,,,,,,,,,,,,,,,,,,,,,,,,,,,,,,,,,,,,,,,,,,,,,,,,,,,,,,,,,,,,,,,,,0.08576449401865972,0.07131528784258509,0.050150886869111164,0.029177718200691392,0.20257040937409126,0.05821589440829778,0.06176886226302992,0.026922810887145106,0.0905290706880601,0.027030813447812628,,,,,,,,,,,,,,,,,,,,,,,,,,,,,,,,,,,,,,,,,,,,,,,,,,,,,,,,,,,,,,,,,,,,,,,,,,,,,,,,,,,,,,,,,,,,,,,,,,,,,,,,,,,,,,,,,,,,,,,,,,,,,,,,,,,,,,,,,,,,,,,,,,,,,,,,,,,,,,,,,,,,,,,,,,,,,,,,,,,,,,,,,,,,,,,,,,,,,,,,,,,,,,,,,,,,,,,,,,,,,,,,,,,,,,,,,,,,,,,,,,,,,,,,,,,,,,,,,,,,,,,,,,,,,,,,,,,,,,,,,,,,,,,,,,,,,,,,,,,,,,,,,,,,,,,,,,,,,,,,,,,,,,,,,,,,,,,,,,,,,,,,,,,,,,,,,,,,,,,,
cyanobacteria_colonial,0.011152295641127847,0.014333364478732727,0.015552460013121097,0.01696601752825783,0.010916136062868257,0.01806271484319116,0.014412273635303093,0.01280233775910236,0.017291176452888864,0.018601615259329837,0.014653386413942197,0.013715013997462597,0.0157445009719439,0.013469783964328508,0.017948714257137902,,,,,,,,,0.003895748800573377,0.0025884076171959953,0.015033963211804037,0.00137696846086693,,,,,,,,,,,,,,,,,,,,,,,,,,,,,,,,,,,,,,,,,,,,,,,,,,,,,,,,,,,,,,,,,,,,,,,,,,,,,,,,,,,,,,,,,,,,,,,,,,,,,,,,,,,,,,,,,,,,,,,,,,,,,,,,,,,,,,,,,,,,,,,,,,,,,,,,,,,,,,,,,,,,,,,,,,,,,,,,,,,,,,,,,,,,,,,,,,,,,,,,,,,,,,,,,,,,,0.17521724758472654,0.04860091444874928,0.04575388573724438,0.041109650778417155,0.23967773815138937,0.042807659437167966,0.05231562668041985,0.02989974536134532,0.054799429202460406,0.02130122324890117,,,,,,,,,,,,,,,,,,,,,,,,,,,,,,,,,,,,,,,,,,,,,,,,,,,,,,,,,,,,,,,,,,,,,,,,,,,,,,,,,,,,,,,,,,,,,,,,,,,,,,,,,,,,,,,,,,,,,,,,,,,,,,,,,,,,,,,,,,,,,,,,,,,,,,,,,,,,,,,,,,,,,,,,,,,,,,,,,,,,,,,,,,,,,,,,,,,,,,,,,,,,,,,,,,,,,,,,,,,,,,,,,,,,,,,,,,,,,,,,,,,,,,,,,,,,,,,,,,,,,,,,,,,,,,,,,,,,,,,,,,,,,,,,,,,,,,,,,,,,,,,,,,,,,,,,,,,,,,,,,,,,,,,,,,,,,,,,,,,,,,,,,,,,,,
cyanobacteria_filament,0.00022342992516930857,0.00018171059535593184,0.0001485544676650222,0.001278244173170142,0.000301578819478839,0.0004223029631743845,0.0008864108338430102,0.00023571531345845245,0.00019652057434916236,0.0005052089496329174,0.0004569887368649138,0.00020467188941653873,0.0004337036771407067,0.00026348424390966864,0.00018903574568606988,,,,,,,,,3.780408749161749e-05,7.478047307110863e-05,0.00015201574506400355,2.7837401296270575e-05,,,,,,,,,,,,,,,,,,,,,,,,,,,,,,,,,,,,,,,,,,,,,,,,,,,,,,,,,,,,,,,,,,,,,,,,,,,,,,,,,,,,,,,,,,,,,,,,,,,,,,,,,,,,,,,,,,,,,,,,,,,,,,,,,,,,,,,,,,,,,,,,,,,,,,,,,,,,,,,,,,,,,,,,,,,,,,,,,,,,,,,,,,,,,,,,,,,,,,,,,,,,,,,,,,,,,,,,,,,,,,,0.0026411631075586284,0.0003108407946080031,0.0007356596501129249,0.0011205699992465493,0.28579427564543974,0.2519732616699268,0.005337410928679397,0.003703344472813827,0.4420258957989527,0.00013757931742342482,,,,,,,,,,,,,,,,,,,,,,,,,,,,,,,,,,,,,,,,,,,,,,,,,,,,,,,,,,,,,,,,,,,,,,,,,,,,,,,,,,,,,,,,,,,,,,,,,,,,,,,,,,,,,,,,,,,,,,,,,,,,,,,,,,,,,,,,,,,,,,,,,,,,,,,,,,,,,,,,,,,,,,,,,,,,,,,,,,,,,,,,,,,,,,,,,,,,,,,,,,,,,,,,,,,,,,,,,,,,,,,,,,,,,,,,,,,,,,,,,,,,,,,,,,,,,,,,,,,,,,,,,,,,,,,,,,,,,,,,,,,,,,,,,,,,,,,,,,,,,,,,,,,,,,,,,,,,,,,,,,,,,,,,,,,,,,,,,,,,
cyclops,0.020108246589376932,0.017271843850791578,0.02508525714812491,0.01562714072707305,0.011783993993105455,0.01626215912800695,0.01628428155749009,0.015793485304535834,0.0190789922313475,0.014558151489725052,0.0132067950426093,0.01730078265579937,0.01696866924219228,0.019161189366078205,0.0110012072699131,,,,,,,,,0.005533010300329144,0.002666516742576474,0.01799723529914282,0.0024189128501270465,,,,,,,,,,,,,,,,,,,,,,,,,,,,,,,,,,,,,,,,,,,,,,,,,,,,,,,,,,,,,,,,,,,,,,,,,,,,,,,,,,,,,,,,,,,,,,,,,,,,,,,,,,,,,,,,,,,,,,,,,,,,,,,,,,,,,,,,,,,,,,,,,,,,,,,,,,,,,,,,,,,,,,,,,,,,,,,,,,,,,,,,,,,,,,,,,,,,,,,,,,,,,,,,,,,,,,,,,,,,,,,,,,,,,,,,,0.09639263562745612,0.08271706060599081,0.03514851587522231,0.023083308972462076,0.13670433679829544,0.1108315709088366,0.07226948199691935,0.02189366120670028,0.11814370990391444,0.024707847315857477,,,,,,,,,,,,,,,,,,,,,,,,,,,,,,,,,,,,,,,,,,,,,,,,,,,,,,,,,,,,,,,,,,,,,,,,,,,,,,,,,,,,,,,,,,,,,,,,,,,,,,,,,,,,,,,,,,,,,,,,,,,,,,,,,,,,,,,,,,,,,,,,,,,,,,,,,,,,,,,,,,,,,,,,,,,,,,,,,,,,,,,,,,,,,,,,,,,,,,,,,,,,,,,,,,,,,,,,,,,,,,,,,,,,,,,,,,,,,,,,,,,,,,,,,,,,,,,,,,,,,,,,,,,,,,,,,,,,,,,,,,,,,,,,,,,,,,,,,,,,,,,,,,,,,,,,,,,,,,,,,,,,,,,,,,
daphnia,0.021073110480400295,0.011475041136452434,0.024415281444083732,0.012626286106633355,0.01082849568415228,0.024290253112661787,0.018740056080232406,0.016704743374347717,0.014559612997158293,0.01613184571489179,0.011219315166947871,0.015563034545629276,0.015832694614451744,0.011398737399499636,0.010271725426703557,,,,,,,,,0.007273923961432372,0.0016722461449674112,0.016732744158061766,0.0018519355568773163,,,,,,,,,,,,,,,,,,,,,,,,,,,,,,,,,,,,,,,,,,,,,,,,,,,,,,,,,,,,,,,,,,,,,,,,,,,,,,,,,,,,,,,,,,,,,,,,,,,,,,,,,,,,,,,,,,,,,,,,,,,,,,,,,,,,,,,,,,,,,,,,,,,,,,,,,,,,,,,,,,,,,,,,,,,,,,,,,,,,,,,,,,,,,,,,,,,,,,,,,,,,,,,,,,,,,,,,,,,,,,,,,,,,,,,,,,,,,,,,,,,0.15488327075228864,0.05408226441403844,0.047347420661607666,0.028006363384201108,0.18175382038673532,0.05926626843597203,0.05801426283211306,0.0243941328151466,0.09800628650523084,0.03158482670708134,,,,,,,,,,,,,,,,,,,,,,,,,,,,,,,,,,,,,,,,,,,,,,,,,,,,,,,,,,,,,,,,,,,,,,,,,,,,,,,,,,,,,,,,,,,,,,,,,,,,,,,,,,,,,,,,,,,,,,,,,,,,,,,,,,,,,,,,,,,,,,,,,,,,,,,,,,,,,,,,,,,,,,,,,,,,,,,,,,,,,,,,,,,,,,,,,,,,,,,,,,,,,,,,,,,,,,,,,,,,,,,,,,,,,,,,,,,,,,,,,,,,,,,,,,,,,,,,,,,,,,,,,,,,,,,,,,,,,,,,,,,,,,,,,,,,,,,,,,,,,,,,,,,,,,,,,,,,,,,,
diaphanosoma,0.002960661625251978,0.004564317707513502,0.004941936942231575,0.0022053272697117976,0.001293046563319407,0.0011082471944729138,0.001420853710281361,0.0010657106536594982,0.002234120626584284,0.0011611157702002683,0.006652578250788756,0.0014297928651455427,0.0052081173158415196,0.0028926749056051746,0.01236091133780568,,,,,,,,,0.002622510042468458,6.652419665099956e-05,0.012096994959588365,0.0007556041200721362,,,,,,,,,,,,,,,,,,,,,,,,,,,,,,,,,,,,,,,,,,,,,,,,,,,,,,,,,,,,,,,,,,,,,,,,,,,,,,,,,,,,,,,,,,,,,,,,,,,,,,,,,,,,,,,,,,,,,,,,,,,,,,,,,,,,,,,,,,,,,,,,,,,,,,,,,,,,,,,,,,,,,,,,,,,,,,,,,,,,,,,,,,,,,,,,,,,,,,,,,,,,,,,,,,,,,,,,,,,,,,,,,,,,,,,,,,,,,,,,,,,,,,,,,,,,,0.004610283941660444,0.004567031484060735,0.0011890183075975959,0.01152025502854631,0.15736317173929146,0.4224559547928409,0.06716817210515087,0.014135941934226357,0.24909234502763045,0.0008567795818016112,,,,,,,,,,,,,,,,,,,,,,,,,,,,,,,,,,,,,,,,,,,,,,,,,,,,,,,,,,,,,,,,,,,,,,,,,,,,,,,,,,,,,,,,,,,,,,,,,,,,,,,,,,,,,,,,,,,,,,,,,,,,,,,,,,,,,,,,,,,,,,,,,,,,,,,,,,,,,,,,,,,,,,,,,,,,,,,,,,,,,,,,,,,,,,,,,,,,,,,,,,,,,,,,,,,,,,,,,,,,,,,,,,,,,,,,,,,,,,,,,,,,,,,,,,,,,,,,,,,,,,,,,,,,,,,,,,,,,,,,,,,,,,,,,,,,,,,,,,,,,,,,,,,,,,
diatom,0.0021025797654273637,0.001828088864949072,0.0019805536492966762,0.003628580903734895,0.006647813122592765,0.004375280190030325,0.006283624381945564,0.004411076625794947,0.006990298955108611,0.003431062955734574,0.0028116534346219416,0.0027133745881627535,0.0042695805469548116,0.0024140576259829337,0.0029300988423759983,,,,,,,,,0.0012018378343180678,0.0005065172015773009,0.00344019500689024,0.0025916481511631534,,,,,,,,,,,,,,,,,,,,,,,,,,,,,,,,,,,,,,,,,,,,,,,,,,,,,,,,,,,,,,,,,,,,,,,,,,,,,,,,,,,,,,,,,,,,,,,,,,,,,,,,,,,,,,,,,,,,,,,,,,,,,,,,,,,,,,,,,,,,,,,,,,,,,,,,,,,,,,,,,,,,,,,,,,,,,,,,,,,,,,,,,,,,,,,,,,,,,,,,,,,,,,,,,,,,,,,,,,,,,,,,,,,,,,,,,,,,,,,,,,,,,,,,,,,,,,,,,,,,,,,0.46523545813375783,0.005488787372304636,0.00524374759121364,0.0038074626362553775,0.20368347415974547,0.03574434923240356,0.054741178431987905,0.010347178707170702,0.14930411225271564,0.0018463288357833448,,,,,,,,,,,,,,,,,,,,,,,,,,,,,,,,,,,,,,,,,,,,,,,,,,,,,,,,,,,,,,,,,,,,,,,,,,,,,,,,,,,,,,,,,,,,,,,,,,,,,,,,,,,,,,,,,,,,,,,,,,,,,,,,,,,,,,,,,,,,,,,,,,,,,,,,,,,,,,,,,,,,,,,,,,,,,,,,,,,,,,,,,,,,,,,,,,,,,,,,,,,,,,,,,,,,,,,,,,,,,,,,,,,,,,,,,,,,,,,,,,,,,,,,,,,,,,,,,,,,,,,,,,,,,,,,,,,,,,,,,,,,,,,,,,,,,,,,,,,,
dinobryon,0.013238838879278032,0.013862374576968766,0.013251345740117921,0.012185394151402754,0.013803279282488798,0.012201186192434101,0.013557903014744117,0.014590220233902735,0.02449771827886341,0.020653995257744574,0.014175423555769784,0.011096987524316846,0.012526199076437592,0.01680304361029575,0.013878003908888466,,,,,,,,,0.0031002242930983997,0.003598575553380372,0.009062149607660282,0.0015865516539411415,,,,,,,,,,,,,,,,,,,,,,,,,,,,,,,,,,,,,,,,,,,,,,,,,,,,,,,,,,,,,,,,,,,,,,,,,,,,,,,,,,,,,,,,,,,,,,,,,,,,,,,,,,,,,,,,,,,,,,,,,,,,,,,,,,,,,,,,,,,,,,,,,,,,,,,,,,,,,,,,,,,,,,,,,,,,,,,,,,,,,,,,,,,,,,,,,,,,,,,,,,,,,,,,,,,,,,,,,,,,,,,,,,,,,,,,,,,,,,,,,,,,,,,,,,,,,,,,,,,,,,,,,,,,,,,,,0.19422000515015214,0.04371939531388724,0.027064879410327976,0.021037718251076764,0.2652659406370869,0.028368593037128898,0.06701423805408817,0.027810276337690298,0.06698825303420046,0.020841286382627257,,,,,,,,,,,,,,,,,,,,,,,,,,,,,,,,,,,,,,,,,,,,,,,,,,,,,,,,,,,,,,,,,,,,,,,,,,,,,,,,,,,,,,,,,,,,,,,,,,,,,,,,,,,,,,,,,,,,,,,,,,,,,,,,,,,,,,,,,,,,,,,,,,,,,,,,,,,,,,,,,,,,,,,,,,,,,,,,,,,,,,,,,,,,,,,,,,,,,,,,,,,,,,,,,,,,,,,,,,,,,,,,,,,,,,,,,,,,,,,,,,,,,,,,,,,,,,,,,,,,,,,,,,,,,,,,,,,,,,,,,,,,,,,,,,
dinoflagellate,0.0010880723818790098,0.00097333241409282,0.0008668950022487461,0.016013201612329483,0.0013956263843847138,0.0009794442078847252,0.00035805226190617744,0.00036436725735378085,0.002870902991336888,0.0027243299791842356,0.004139867650140641,0.004864308117704314,0.007742324042622415,0.0018930413483815738,0.013807014225919663,,,,,,,,,0.0005602516931074367,3.065551238248799e-05,0.010950846441691475,0.00021461181652351663,,,,,,,,,,,,,,,,,,,,,,,,,,,,,,,,,,,,,,,,,,,,,,,,,,,,,,,,,,,,,,,,,,,,,,,,,,,,,,,,,,,,,,,,,,,,,,,,,,,,,,,,,,,,,,,,,,,,,,,,,,,,,,,,,,,,,,,,,,,,,,,,,,,,,,,,,,,,,,,,,,,,,,,,,,,,,,,,,,,,,,,,,,,,,,,,,,,,,,,,,,,,,,,,,,,,,,,,,,,,,,,,,,,,,,,,,,,,,,,,,,,,,,,,,,,,,,,,,,,,,,,,,,,,,,,,,,,,,,,,,,,0.03661100849586118,0.0008513152310890887,0.00045273603822220787,0.001994529054420199,0.30146466119976123,0.16220349539011572,0.06383601392179669,0.014888795095750054,0.34565248445417746,0.00020781577773216852,,,,,,,,,,,,,,,,,,,,,,,,,,,,,,,,,,,,,,,,,,,,,,,,,,,,,,,,,,,,,,,,,,,,,,,,,,,,,,,,,,,,,,,,,,,,,,,,,,,,,,,,,,,,,,,,,,,,,,,,,,,,,,,,,,,,,,,,,,,,,,,,,,,,,,,,,,,,,,,,,,,,,,,,,,,,,,,,,,,,,,,,,,,,,,,,,,,,,,,,,,,,,,,,,,,,,,,,,,,,,,,,,,,,,,,,,,,,,,,,,,,,,,,,,,,,,,,,,,,,,,,,,,,,,,,,,,,,,,,,
eudiaptomus,0.010217338971652308,0.017810921339127553,0.014694417080041076,0.01156989364558793,0.014825621028383832,0.017756025031020032,0.0225295479816512,0.022640031063274443,0.017229808728165093,0.012402612804578243,0.010498363880775527,0.01425011804065874,0.011865725294335794,0.012994132295211411,0.010368655477945892,,,,,,,,,0.0034860157191989377,0.0020984726266530342,0.007207355700693225,0.0011518841494845837,,,,,,,,,,,,,,,,,,,,,,,,,,,,,,,,,,,,,,,,,,,,,,,,,,,,,,,,,,,,,,,,,,,,,,,,,,,,,,,,,,,,,,,,,,,,,,,,,,,,,,,,,,,,,,,,,,,,,,,,,,,,,,,,,,,,,,,,,,,,,,,,,,,,,,,,,,,,,,,,,,,,,,,,,,,,,,,,,,,,,,,,,,,,,,,,,,,,,,,,,,,,,,,,,,,,,,,,,,,,,,,,,,,,,,,,,,,,,,,,,,,,,,,,,,,,,,,,,,,,,,,,,,,,,,,,,,,,,,,,,,,,,,,,,,,,,0.19300797868762426,0.06025218639680487,0.03331036082967727,0.03483039099071483,0.21898853886515593,0.05309235268940907,0.05703657457333776,0.022843115147596352,0.06331408443267464,0.02772747652856609,,,,,,,,,,,,,,,,,,,,,,,,,,,,,,,,,,,,,,,,,,,,,,,,,,,,,,,,,,,,,,,,,,,,,,,,,,,,,,,,,,,,,,,,,,,,,,,,,,,,,,,,,,,,,,,,,,,,,,,,,,,,,,,,,,,,,,,,,,,,,,,,,,,,,,,,,,,,,,,,,,,,,,,,,,,,,,,,,,,,,,,,,,,,,,,,,,,,,,,,,,,,,,,,,,,,,,,,,,,,,,,,,,,,,,,,,,,,,,,,,,,,,,,,,,,,,,,,,,,,,,,,,,,,,,
fragilaria,0.004742737213175449,0.0037221079515616564,0.002209953283440209,0.011472361644069218,0.005065897562315238,0.007896147494968996,0.003453137463701258,0.0048420146021658115,0.0017865649568450709,0.007868546912148233,0.001005225272613997,0.002010963215062097,0.0012721203155131415,0.009522721951278911,0.005859048543292124,,,,,,,,,0.0020858773152698114,0.0023985838646099484,0.0037457921699878324,0.0013283446331321135,,,,,,,,,,,,,,,,,,,,,,,,,,,,,,,,,,,,,,,,,,,,,,,,,,,,,,,,,,,,,,,,,,,,,,,,,,,,,,,,,,,,,,,,,,,,,,,,,,,,,,,,,,,,,,,,,,,,,,,,,,,,,,,,,,,,,,,,,,,,,,,,,,,,,,,,,,,,,,,,,,,,,,,,,,,,,,,,,,,,,,,,,,,,,,,,,,,,,,,,,,,,,,,,,,,,,,,,,,,,,,,,,,,,,,,,,,,,,,,,,,,,,,,,,,,,,,,,,,,,,,,,,,,,,,,,,,,,,,,,,,,,,,,,,,,,,,,,,,,,,,,0.20952034831920072,0.01738278873673697,0.0033776859430814966,0.005898533660728623,0.3866020403660716,0.05210628081877293,0.01496520984776305,0.011106485010315519,0.21402818923663322,0.002724291695544912,,,,,,,,,,,,,,,,,,,,,,,,,,,,,,,,,,,,,,,,,,,,,,,,,,,,,,,,,,,,,,,,,,,,,,,,,,,,,,,,,,,,,,,,,,,,,,,,,,,,,,,,,,,,,,,,,,,,,,,,,,,,,,,,,,,,,,,,,,,,,,,,,,,,,,,,,,,,,,,,,,,,,,,,,,,,,,,,,,,,,,,,,,,,,,,,,,,,,,,,,,,,,,,,,,,,,,,,,,,,,,,,,,,,,,,,,,,,,,,,,,,,,,,,,,,,,,,,,,,,
gymnodinium,0.009483096963202271,0.016218611836316725,0.01345501179832731,0.01964470587490056,0.009173301739755247,0.01504502605698699,0.019319469515937146,0.012073390097789604,0.012343441363361778,0.01214103063948244,0.009652073483592554,0.014610958396668832,0.011875789892490466,0.010778235967683694,0.016606942962491055,,,,,,,,,0.00320154951383146,0.0012506520160332503,0.015002391046168646,0.0008658341678720509,,,,,,,,,,,,,,,,,,,,,,,,,,,,,,,,,,,,,,,,,,,,,,,,,,,,,,,,,,,,,,,,,,,,,,,,,,,,,,,,,,,,,,,,,,,,,,,,,,,,,,,,,,,,,,,,,,,,,,,,,,,,,,,,,,,,,,,,,,,,,,,,,,,,,,,,,,,,,,,,,,,,,,,,,,,,,,,,,,,,,,,,,,,,,,,,,,,,,,,,,,,,,,,,,,,,,,,,,,,,,,,,,,,,,,,,,,,,,,,,,,,,,,,,,,,,,,,,,,,,,,,,,,,,,,,,,,,,,,,,,,,,,,,,,,,,,,,,,,,,,,,,,,,,,,,,,0.19467364712855376,0.041148947941290155,0.039704130306882655,0.025104090187609045,0.21856138372375852,0.036579187203020586,0.08534515023733101,0.03230872148107864,0.08513665025150158,0.01869657820608203,,,,,,,,,,,,,,,,,,,,,,,,,,,,,,,,,,,,,,,,,,,,,,,,,,,,,,,,,,,,,,,,,,,,,,,,,,,,,,,,,,,,,,,,,,,,,,,,,,,,,,,,,,,,,,,,,,,,,,,,,,,,,,,,,,,,,,,,,,,,,,,,,,,,,,,,,,,,,,,,,,,,,,,,,,,,,,,,,,,,,,,,,,,,,,,,,,,,,,,,,,,,,,,,,,,,,,,,,,,,,,,,,,,,,,,,,,,,,,,,,,,,,,,,,,
hormidium,0.001877147034391105,0.0053230622891810705,0.0009036024648608144,0.016207217194350403,0.0008324676791633615,0.0011515374506933698,0.0006908927838716086,0.0005334438559611973,0.009953397216265042,0.0009234864681474511,0.0016163193566094618,0.02708143217515038,0.018128711143926043,0.0012142083204096335,0.0015076846346584072,,,,,,,,,0.0009555005189514689,0.0010027507817948998,0.0021979820226986635,0.0010878177923045404,,,,,,,,,,,,,,,,,,,,,,,,,,,,,,,,,,,,,,,,,,,,,,,,,,,,,,,,,,,,,,,,,,,,,,,,,,,,,,,,,,,,,,,,,,,,,,,,,,,,,,,,,,,,,,,,,,,,,,,,,,,,,,,,,,,,,,,,,,,,,,,,,,,,,,,,,,,,,,,,,,,,,,,,,,,,,,,,,,,,,,,,,,,,,,,,,,,,,,,,,,,,,,,,,,,,,,,,,,,,,,,,,,,,,,,,,,,,,,,,,,,,,,,,,,,,,,,,,,,,,,,,,,,,,,,,,,,,,,,,,,,,,,,,,,,,,,,,,,,,,,,,,,,,,,,,,,,,,,,,,,,0.003187077091974275,0.0009820569052060907,0.0011560877095643809,0.002409832504213189,0.3340980388460822,0.15368156213726436,0.01997975312663434,0.0013988354860547064,0.3894582798671861,0.00045981514243153025,,,,,,,,,,,,,,,,,,,,,,,,,,,,,,,,,,,,,,,,,,,,,,,,,,,,,,,,,,,,,,,,,,,,,,,,,,,,,,,,,,,,,,,,,,,,,,,,,,,,,,,,,,,,,,,,,,,,,,,,,,,,,,,,,,,,,,,,,,,,,,,,,,,,,,,,,,,,,,,,,,,,,,,,,,,,,,,,,,,,,,,,,,,,,,,,,,,,,,,,,,,,,,,,,,,,,,,,,,,,,,,,,,,,,,,,,,,,,,,,
kellicottia,0.013569120788541215,0.014433049444116977,0.01062917068513457,0.012833874111009717,0.014373041465351713,0.01731742261453313,0.0175405177017095,0.0174555364523652,0.013510825464910923,0.01721296557744735,0.014353155247269484,0.013832052502433993,0.012100172036175864,0.019560115344859012,0.013741481019402054,,,,,,,,,0.0030386353766395256,0.0016221836826213695,0.0068884600700477505,0.0018545811981249174,,,,,,,,,,,,,,,,,,,,,,,,,,,,,,,,,,,,,,,,,,,,,,,,,,,,,,,,,,,,,,,,,,,,,,,,,,,,,,,,,,,,,,,,,,,,,,,,,,,,,,,,,,,,,,,,,,,,,,,,,,,,,,,,,,,,,,,,,,,,,,,,,,,,,,,,,,,,,,,,,,,,,,,,,,,,,,,,,,,,,,,,,,,,,,,,,,,,,,,,,,,,,,,,,,,,,,,,,,,,,,,,,,,,,,,,,,,,,,,,,,,,,,,,,,,,,,,,,,,,,,,,,,,,,,,,,,,,,,,,,,,,,,,,,,,,,,,,,,,,,,,,,,,,,,,,,,,,,,,,,,,,,,,,,,,,,0.1846634884556317,0.052616170498250535,0.0317628356672927,0.03833038514345774,0.21764812677731693,0.037984403265821476,0.05824678614778216,0.02888751101935778,0.08618618160101425,0.02780775064138058,,,,,,,,,,,,,,,,,,,,,,,,,,,,,,,,,,,,,,,,,,,,,,,,,,,,,,,,,,,,,,,,,,,,,,,,,,,,,,,,,,,,,,,,,,,,,,,,,,,,,,,,,,,,,,,,,,,,,,,,,,,,,,,,,,,,,,,,,,,,,,,,,,,,,,,,,,,,,,,,,,,,,,,,,,,,,,,,,,,,,,,,,,,,,,,,,,,,,,,,,,,,,,,,,,,,,,,,,,,,,,,,,,,,,,
keratella,0.013869476363275077,0.017343592825851892,0.011003435374584324,0.016035944834434865,0.01361021763802952,0.0158499513131115,0.02124290146410411,0.01526480585789623,0.020955222110141686,0.01358901067278721,0.014313301203611486,0.016505439144962924,0.019022144107648933,0.016857802436186252,0.014448337448137697,,,,,,,,,0.006061848709817683,0.0024298837823889872,0.009436832800186474,0.00214776467245944,,,,,,,,,,,,,,,,,,,,,,,,,,,,,,,,,,,,,,,,,,,,,,,,,,,,,,,,,,,,,,,,,,,,,,,,,,,,,,,,,,,,,,,,,,,,,,,,,,,,,,,,,,,,,,,,,,,,,,,,,,,,,,,,,,,,,,,,,,,,,,,,,,,,,,,,,,,,,,,,,,,,,,,,,,,,,,,,,,,,,,,,,,,,,,,,,,,,,,,,,,,,,,,,,,,,,,,,,,,,,,,,,,,,,,,,,,,,,,,,,,,,,,,,,,,,,,,,,,,,,,,,,,,,,,,,,,,,,,,,,,,,,,,,,,,,,,,,,,,,,,,,,,,,,,,,,,,,,,,,,,,,,,,,,,,,,,,,,,,,,,,0.15887643574679017,0.0616494848264518,0.04556102676701606,0.035343423266240945,0.20519610384719722,0.05907412674071664,0.07123220768971757,0.02889457080581597,0.0510002291236112,0.023184478426826124,,,,,,,,,,,,,,,,,,,,,,,,,,,,,,,,,,,,,,,,,,,,,,,,,,,,,,,,,,,,,,,,,,,,,,,,,,,,,,,,,,,,,,,,,,,,,,,,,,,,,,,,,,,,,,,,,,,,,,,,,,,,,,,,,,,,,,,,,,,,,,,,,,,,,,,,,,,,,,,,,,,,,,,,,,,,,,,,,,,,,,,,,,,,,,,,,,,,,,,,,,,,,,,,,,,,,,,,,,,,
leptodora,0.007714739932435459,0.001074870226201538,0.010226446089887148,0.0026262667188700077,0.006227482461619164,0.0005963667713221431,0.001671859804648637,0.002182064119703429,0.0026055783366129718,0.002133650427276542,0.0012858535749407573,0.001993069402095951,0.0012635725282089533,0.0019184668820826582,0.0034656048339522885,,,,,,,,,0.0001134683569756876,8.837685175012391e-06,0.012727826678013698,1.7797184016348657e-05,,,,,,,,,,,,,,,,,,,,,,,,,,,,,,,,,,,,,,,,,,,,,,,,,,,,,,,,,,,,,,,,,,,,,,,,,,,,,,,,,,,,,,,,,,,,,,,,,,,,,,,,,,,,,,,,,,,,,,,,,,,,,,,,,,,,,,,,,,,,,,,,,,,,,,,,,,,,,,,,,,,,,,,,,,,,,,,,,,,,,,,,,,,,,,,,,,,,,,,,,,,,,,,,,,,,,,,,,,,,,,,,,,,,,,,,,,,,,,,,,,,,,,,,,,,,,,,,,,,,,,,,,,,,,,,,,,,,,,,,,,,,,,,,,,,,,,,,,,,,,,,,,,,,,,,,,,,,,,,,,,,,,,,,,,,,,,,,,,,,,,,,,,,,,,,,,0.0026661382352836283,0.0011622720925936467,0.0008116554963137064,0.018589457751464686,0.26420082091575986,0.2859277479614434,0.011973351707243686,0.0077662350666399356,0.34651776086722413,0.0005307378919946487,,,,,,,,,,,,,,,,,,,,,,,,,,,,,,,,,,,,,,,,,,,,,,,,,,,,,,,,,,,,,,,,,,,,,,,,,,,,,,,,,,,,,,,,,,,,,,,,,,,,,,,,,,,,,,,,,,,,,,,,,,,,,,,,,,,,,,,,,,,,,,,,,,,,,,,,,,,,,,,,,,,,,,,,,,,,,,,,,,,,,,,,,,,,,,,,,,,,,,,,,,,,,,,,,,
mallomonas,0.013234122127679894,0.02017938321650461,0.020517750236836538,0.017481716435511076,0.014384536332011944,0.01928351203153595,0.017232204558398783,0.02266609494154147,0.020227646685503448,0.018179946945807806,0.015033895582385588,0.019671441304737525,0.013353518513956015,0.01376422626196403,0.01833285954009158,,,,,,,,,0.0043416141973371515,0.004745696342215985,0.014278590869048532,0.0017994811631528572,,,,,,,,,,,,,,,,,,,,,,,,,,,,,,,,,,,,,,,,,,,,,,,,,,,,,,,,,,,,,,,,,,,,,,,,,,,,,,,,,,,,,,,,,,,,,,,,,,,,,,,,,,,,,,,,,,,,,,,,,,,,,,,,,,,,,,,,,,,,,,,,,,,,,,,,,,,,,,,,,,,,,,,,,,,,,,,,,,,,,,,,,,,,,,,,,,,,,,,,,,,,,,,,,,,,,,,,,,,,,,,,,,,,,,,,,,,,,,,,,,,,,,,,,,,,,,,,,,,,,,,,,,,,,,,,,,,,,,,,,,,,,,,,,,,,,,,,,,,,,,,,,,,,,,,,,,,,,,,,,,,,,,,,,,,,,,,,,,,,,,,,,,,,,,,,,,,,,,,,,,,0.14414413680521115,0.0590885935173684,0.0318358438215623,0.04213572872072245,0.18609386615434664,0.04970935579794727,0.06232400864080388,0.025098423555484976,0.08029931999547553,0.03056248570485667,,,,,,,,,,,,,,,,,,,,,,,,,,,,,,,,,,,,,,,,,,,,,,,,,,,,,,,,,,,,,,,,,,,,,,,,,,,,,,,,,,,,,,,,,,,,,,,,,,,,,,,,,,,,,,,,,,,,,,,,,,,,,,,,,,,,,,,,,,,,,,,,,,,,,,,,,,,,,,,,,,,,,,,,,,,,,,,,,,,,,,,,,,,,,,,,,,,,,,,,
nauplius,0.01308473032963131,0.01737802130164538,0.02420455470363374,0.015974875244563248,0.01763464658335885,0.01627128045878582,0.01966329949672126,0.014771227646889228,0.021725654789338574,0.01915462578736487,0.021375924198440956,0.016874385564794855,0.023773681340934806,0.016689801514745382,0.0172138137151816,,,,,,,,,0.006366361854252901,0.0019526546913525838,0.011052121307110134,0.001792748069466573,,,,,,,,,,,,,,,,,,,,,,,,,,,,,,,,,,,,,,,,,,,,,,,,,,,,,,,,,,,,,,,,,,,,,,,,,,,,,,,,,,,,,,,,,,,,,,,,,,,,,,,,,,,,,,,,,,,,,,,,,,,,,,,,,,,,,,,,,,,,,,,,,,,,,,,,,,,,,,,,,,,,,,,,,,,,,,,,,,,,,,,,,,,,,,,,,,,,,,,,,,,,,,,,,,,,,,,,,,,,,,,,,,,,,,,,,,,,,,,,,,,,,,,,,,,,,,,,,,,,,,,,,,,,,,,,,,,,,,,,,,,,,,,,,,,,,,,,,,,,,,,,,,,,,,,,,,,,,,,,,,,,,,,,,,,,,,,,,,,,,,,,,,,,,,,,,,,,,,,,,,,,,,,,,,,,,0.10091565422182232,0.04592014270271417,0.05148362338133091,0.03430294257551915,0.2081015935627578,0.04453344942039605,0.06610514457127903,0.0337191195160973,0.07541415933432781,0.04254976211554357,,,,,,,,,,,,,,,,,,,,,,,,,,,,,,,,,,,,,,,,,,,,,,,,,,,,,,,,,,,,,,,,,,,,,,,,,,,,,,,,,,,,,,,,,,,,,,,,,,,,,,,,,,,,,,,,,,,,,,,,,,,,,,,,,,,,,,,,,,,,,,,,,,,,,,,,,,,,,,,,,,,,,,,,,,,,,,,,,,,,,,,,,,,,,,
paradileptus,0.0006775717351627153,0.0009240370477738559,0.0007552792498188577,0.0020276625676208253,0.00455523765868438,0.0001643587223305059,0.00033701773818839334,0.0022642352760821804,0.0038530511661311845,0.0012858692152192845,0.0014273017730821306,0.0010789949832094303,0.0015656344410430853,0.007884253051466833,0.0008774244797958328,,,,,,,,,5.509776206103833e-05,0.00010116872307391425,0.0012068287766871402,1.165671644218668e-05,,,,,,,,,,,,,,,,,,,,,,,,,,,,,,,,,,,,,,,,,,,,,,,,,,,,,,,,,,,,,,,,,,,,,,,,,,,,,,,,,,,,,,,,,,,,,,,,,,,,,,,,,,,,,,,,,,,,,,,,,,,,,,,,,,,,,,,,,,,,,,,,,,,,,,,,,,,,,,,,,,,,,,,,,,,,,,,,,,,,,,,,,,,,,,,,,,,,,,,,,,,,,,,,,,,,,,,,,,,,,,,,,,,,,,,,,,,,,,,,,,,,,,,,,,,,,,,,,,,,,,,,,,,,,,,,,,,,,,,,,,,,,,,,,,,,,,,,,,,,,,,,,,,,,,,,,,,,,,,,,,,,,,,,,,,,,,,,,,,,,,,,,,,,,,,,,,,,,,,,,,,,,,,,,,,,,,,,,,,,,,,0.0015030291172526845,0.0008377398166497554,0.00020285257070861503,0.0032859677227675714,0.23484943513761178,0.3384430792756148,0.03307861847564029,0.02620524202660222,0.33023512659475907,0.0003062281785196462,,,,,,,,,,,,,,,,,,,,,,,,,,,,,,,,,,,,,,,,,,,,,,,,,,,,,,,,,,,,,,,,,,,,,,,,,,,,,,,,,,,,,,,,,,,,,,,,,,,,,,,,,,,,,,,,,,,,,,,,,,,,,,,,,,,,,,,,,,,,,,,,,,,,,,,,,,,,,,,,,,,,,,,,,,,,,,,,,,,,
pediastrum,0.002109361616324955,0.0026160644501162715,0.0017688743648503786,0.0027613218363810085,0.0023926970490745717,0.0008312952230917381,0.0006387917022316328,0.0014935453701816082,0.0027665856247118914,0.0037902693224088325,0.0038782050897315677,0.001101633957491873,0.003305365871351829,0.006202719089641715,0.0038611861233074163,,,,,,,,,0.0014657403534522307,0.00014456499709206486,0.013352184348603836,0.0014532046047844433,,,,,,,,,,,,,,,,,,,,,,,,,,,,,,,,,,,,,,,,,,,,,,,,,,,,,,,,,,,,,,,,,,,,,,,,,,,,,,,,,,,,,,,,,,,,,,,,,,,,,,,,,,,,,,,,,,,,,,,,,,,,,,,,,,,,,,,,,,,,,,,,,,,,,,,,,,,,,,,,,,,,,,,,,,,,,,,,,,,,,,,,,,,,,,,,,,,,,,,,,,,,,,,,,,,,,,,,,,,,,,,,,,,,,,,,,,,,,,,,,,,,,,,,,,,,,,,,,,,,,,,,,,,,,,,,,,,,,,,,,,,,,,,,,,,,,,,,,,,,,,,,,,,,,,,,,,,,,,,,,,,,,,,,,,,,,,,,,,,,,,,,,,,,,,,,,,,,,,,,,,,,,,,,,,,,,,,,,,,,,,,,,,,,,,,,,0.0023850321571394603,0.0008822294338700556,0.00045428855193829375,0.006253730095526716,0.15584511051104635,0.38375833699127443,0.026776870095901583,0.014645034523495817,0.35201021754282186,0.0010555391021557195,,,,,,,,,,,,,,,,,,,,,,,,,,,,,,,,,,,,,,,,,,,,,,,,,,,,,,,,,,,,,,,,,,,,,,,,,,,,,,,,,,,,,,,,,,,,,,,,,,,,,,,,,,,,,,,,,,,,,,,,,,,,,,,,,,,,,,,,,,,,,,,,,,,,,,,,,,,,,,,,,,,,,,,,,,
peridinium,0.00033520338235634115,0.0002215071287071895,0.0009147843502290273,0.00405234892242754,0.0003628491163715828,0.000591915224190731,0.0010812137958381136,0.00061406694662885,0.002009388937076604,0.004280717095769922,0.0018786358342974144,0.0012139690073847105,0.0005705203251765829,0.0013430982786020117,0.0006750337212676187,,,,,,,,,2.4320625777987386e-05,2.1816989086254437e-05,0.00043885149361794093,1.2347317908136958e-05,,,,,,,,,,,,,,,,,,,,,,,,,,,,,,,,,,,,,,,,,,,,,,,,,,,,,,,,,,,,,,,,,,,,,,,,,,,,,,,,,,,,,,,,,,,,,,,,,,,,,,,,,,,,,,,,,,,,,,,,,,,,,,,,,,,,,,,,,,,,,,,,,,,,,,,,,,,,,,,,,,,,,,,,,,,,,,,,,,,,,,,,,,,,,,,,,,,,,,,,,,,,,,,,,,,,,,,,,,,,,,,,,,,,,,,,,,,,,,,,,,,,,,,,,,,,,,,,,,,,,,,,,,,,,,,,,,,,,,,,,,,,,,,,,,,,,,,,,,,,,,,,,,,,,,,,,,,,,,,,,,,,,,,,,,,,,,,,,,,,,,,,,,,,,,,,,,,,,,,,,,,,,,,,,,,,,,,,,,,,,,,,,,,,,,,,,,,,,,,,,,,0.006198447878539714,0.0006207471622066657,0.0009817988889745826,0.012385115654017634,0.09962486518441871,0.4409271350828141,0.0017810740088947323,0.010935011058869593,0.4056320362309253,0.0002711803576246008,,,,,,,,,,,,,,,,,,,,,,,,,,,,,,,,,,,,,,,,,,,,,,,,,,,,,,,,,,,,,,,,,,,,,,,,,,,,,,,,,,,,,,,,,,,,,,,,,,,,,,,,,,,,,,,,,,,,,,,,,,,,,,,,,,,,,,,,,,,,,,,,,,,,,,,,,,,,,,,,
plankton,0.008521117087272472,0.013227803027074126,0.002162572426667935,0.004523961734364353,0.002660988061897185,0.010469808310396029,0.0046680840587295155,0.0040660359440760204,0.0027571011403313313,0.002378259227504631,0.0016899329586535935,0.009371591724057016,0.0020386653741946083,0.010002455582171017,0.005502890988289591,,,,,,,,,0.007686549714925281,0.0010497675395991454,0.017727946850187006,0.001365403221132203,,,,,,,,,,,,,,,,,,,,,,,,,,,,,,,,,,,,,,,,,,,,,,,,,,,,,,,,,,,,,,,,,,,,,,,,,,,,,,,,,,,,,,,,,,,,,,,,,,,,,,,,,,,,,,,,,,,,,,,,,,,,,,,,,,,,,,,,,,,,,,,,,,,,,,,,,,,,,,,,,,,,,,,,,,,,,,,,,,,,,,,,,,,,,,,,,,,,,,,,,,,,,,,,,,,,,,,,,,,,,,,,,,,,,,,,,,,,,,,,,,,,,,,,,,,,,,,,,,,,,,,,,,,,,,,,,,,,,,,,,,,,,,,,,,,,,,,,,,,,,,,,,,,,,,,,,,,,,,,,,,,,,,,,,,,,,,,,,,,,,,,,,,,,,,,,,,,,,,,,,,,,,,,,,,,,,,,,,,,,,,,,,,,,,,,,,,,,,,,,,,,,,,,,,,,,,0.011115805762480519,0.006873218928420469,0.0005080074471964008,0.02649112936751477,0.24891354030597188,0.2991182356675657,0.0686980014247499,0.006656564932037764,0.21817134847868186,0.0015832127138578531,,,,,,,,,,,,,,,,,,,,,,,,,,,,,,,,,,,,,,,,,,,,,,,,,,,,,,,,,,,,,,,,,,,,,,,,,,,,,,,,,,,,,,,,,,,,,,,,,,,,,,,,,,,,,,,,,,,,,,,,,,,,,,,,,,,,,,,,,,,,,,,,,,,,,,
plankton_y,0.00032838999587230905,0.0005211324074617511,0.0005083239233629545,0.0013439277337720264,0.0003401189534734633,0.00042594940236672616,0.0008890209870967528,0.0005405814083357916,0.0009931306489890266,0.0006912148483923674,0.0014987190068128696,0.0015579314015097873,0.001074329465132101,0.0014353238660184727,0.0027600897013268216,,,,,,,,,0.00010239452507125896,4.410145892745214e-05,0.0009580342879467693,0.00017621147696151015,,,,,,,,,,,,,,,,,,,,,,,,,,,,,,,,,,,,,,,,,,,,,,,,,,,,,,,,,,,,,,,,,,,,,,,,,,,,,,,,,,,,,,,,,,,,,,,,,,,,,,,,,,,,,,,,,,,,,,,,,,,,,,,,,,,,,,,,,,,,,,,,,,,,,,,,,,,,,,,,,,,,,,,,,,,,,,,,,,,,,,,,,,,,,,,,,,,,,,,,,,,,,,,,,,,,,,,,,,,,,,,,,,,,,,,,,,,,,,,,,,,,,,,,,,,,,,,,,,,,,,,,,,,,,,,,,,,,,,,,,,,,,,,,,,,,,,,,,,,,,,,,,,,,,,,,,,,,,,,,,,,,,,,,,,,,,,,,,,,,,,,,,,,,,,,,,,,,,,,,,,,,,,,,,,,,,,,,,,,,,,,,,,,,,,,,,,,,,,,,,,,,,,,,,,,,,,,,,,,,,,,0.15984702104280052,0.0006623161980105919,0.0006261589129617154,0.0014400309675772886,0.2529774767405322,0.2590806706490524,0.006870212851269975,0.003051269633158165,0.2981285402506009,0.0011273772552061016,,,,,,,,,,,,,,,,,,,,,,,,,,,,,,,,,,,,,,,,,,,,,,,,,,,,,,,,,,,,,,,,,,,,,,,,,,,,,,,,,,,,,,,,,,,,,,,,,,,,,,,,,,,,,,,,,,,,,,,,,,,,,,,,,,,,,,,,,,,,
planktosphaeria,0.015304162442039053,0.00642629677397397,0.01461792497236987,0.003793994810243937,0.002046495098867308,0.0028494047540977997,0.0028529427116382356,0.001982190801077732,0.002988124185045169,0.0014014492502463284,0.0030025446087886343,0.003647170923089466,0.006532297568631412,0.0038596377842254888,0.0027484168672698163,,,,,,,,,0.0010774434948632825,0.00033275947585987653,0.002048409562698862,0.0002406114747224644,,,,,,,,,,,,,,,,,,,,,,,,,,,,,,,,,,,,,,,,,,,,,,,,,,,,,,,,,,,,,,,,,,,,,,,,,,,,,,,,,,,,,,,,,,,,,,,,,,,,,,,,,,,,,,,,,,,,,,,,,,,,,,,,,,,,,,,,,,,,,,,,,,,,,,,,,,,,,,,,,,,,,,,,,,,,,,,,,,,,,,,,,,,,,,,,,,,,,,,,,,,,,,,,,,,,,,,,,,,,,,,,,,,,,,,,,,,,,,,,,,,,,,,,,,,,,,,,,,,,,,,,,,,,,,,,,,,,,,,,,,,,,,,,,,,,,,,,,,,,,,,,,,,,,,,,,,,,,,,,,,,,,,,,,,,,,,,,,,,,,,,,,,,,,,,,,,,,,,,,,,,,,,,,,,,,,,,,,,,,,,,,,,,,,,,,,,,,,,,,,,,,,,,,,,,,,,,,,,,,,,,,,,,,,,,,,0.0480154634420981,0.00509999636784304,0.0024213330463664627,0.015246371812500598,0.30959738845470247,0.20543246269104315,0.09369855233762722,0.004465503231447572,0.23668063382204285,0.0015900172345797627,,,,,,,,,,,,,,,,,,,,,,,,,,,,,,,,,,,,,,,,,,,,,,,,,,,,,,,,,,,,,,,,,,,,,,,,,,,,,,,,,,,,,,,,,,,,,,,,,,,,,,,,,,,,,,,,,,,,,,,,,,,,,,,,,,
polyarthra,0.008691799533031345,0.009974273259329803,0.07497098756174397,0.0012250312758686926,0.003057555697102335,0.0011745781142311015,0.0014388845370466201,0.001123503277891224,0.0010041575129713031,0.000688685063853634,0.0049026213726396,0.01874168238186212,0.0027037878209960685,0.003191381206935712,0.007450156524892277,,,,,,,,,0.0004631836470215382,0.0011651877263502007,0.011849649439580334,0.0001558642657257903,,,,,,,,,,,,,,,,,,,,,,,,,,,,,,,,,,,,,,,,,,,,,,,,,,,,,,,,,,,,,,,,,,,,,,,,,,,,,,,,,,,,,,,,,,,,,,,,,,,,,,,,,,,,,,,,,,,,,,,,,,,,,,,,,,,,,,,,,,,,,,,,,,,,,,,,,,,,,,,,,,,,,,,,,,,,,,,,,,,,,,,,,,,,,,,,,,,,,,,,,,,,,,,,,,,,,,,,,,,,,,,,,,,,,,,,,,,,,,,,,,,,,,,,,,,,,,,,,,,,,,,,,,,,,,,,,,,,,,,,,,,,,,,,,,,,,,,,,,,,,,,,,,,,,,,,,,,,,,,,,,,,,,,,,,,,,,,,,,,,,,,,,,,,,,,,,,,,,,,,,,,,,,,,,,,,,,,,,,,,,,,,,,,,,,,,,,,,,,,,,,,,,,,,,,,,,,,,,,,,,,,,,,,,,,,,,,,,,,,,,,,0.001928084298029665,0.0008162528528080254,0.0007552707080447267,0.008049589694934873,0.18362932193277712,0.3011108690888238,0.024792709582824934,0.005873913702905731,0.31711398870165125,0.0019570292181262028,,,,,,,,,,,,,,,,,,,,,,,,,,,,,,,,,,,,,,,,,,,,,,,,,,,,,,,,,,,,,,,,,,,,,,,,,,,,,,,,,,,,,,,,,,,,,,,,,,,,,,,,,,,,,,,,,,,,,,,,
rotifer,0.01935963868057056,0.014143510395452287,0.021929780682904253,0.019150039639042504,0.013854316121371437,0.026085821056129797,0.01779005672076718,0.01648034666438121,0.023163639779546778,0.020237150827857663,0.015562811923939823,0.018761830581299578,0.013977215817287593,0.014406323986456011,0.014209126004411448,,,,,,,,,0.007490947067384335,0.003423909454663041,0.014751955135877994,0.001573924583784713,,,,,,,,,,,,,,,,,,,,,,,,,,,,,,,,,,,,,,,,,,,,,,,,,,,,,,,,,,,,,,,,,,,,,,,,,,,,,,,,,,,,,,,,,,,,,,,,,,,,,,,,,,,,,,,,,,,,,,,,,,,,,,,,,,,,,,,,,,,,,,,,,,,,,,,,,,,,,,,,,,,,,,,,,,,,,,,,,,,,,,,,,,,,,,,,,,,,,,,,,,,,,,,,,,,,,,,,,,,,,,,,,,,,,,,,,,,,,,,,,,,,,,,,,,,,,,,,,,,,,,,,,,,,,,,,,,,,,,,,,,,,,,,,,,,,,,,,,,,,,,,,,,,,,,,,,,,,,,,,,,,,,,,,,,,,,,,,,,,,,,,,,,,,,,,,,,,,,,,,,,,,,,,,,,,,,,,,,,,,,,,,,,,,,,,,,,,,,,,,,,,,,,,,,,,,,,,,,,,,,,,,,,,,,,,,,,,,,,,,,,,,,,,,,,,,,0.09278564163009065,0.05587623166126831,0.053622808232788574,0.04028643173303477,0.20840133818719017,0.03662335810769922,0.08460684986247065,0.026644937247482937,0.06642178876766329,0.038378269447183276,,,,,,,,,,,,,,,,,,,,,,,,,,,,,,,,,,,,,,,,,,,,,,,,,,,,,,,,,,,,,,,,,,,,,,,,,,,,,,,,,,,,,,,,,,,,,,,,,,,,,,,,,,,,,,
scenedesmus,0.0030642737214784605,0.008776579251269897,0.0022774352284552807,0.001832650190636778,0.001784410186685939,0.0021947269827713844,0.006390498664220003,0.003799499931044373,0.002624662263004252,0.003074787222928211,0.0008619016774110522,0.0163432072244698,0.0015468985057549448,0.006012342819402937,0.012485544318067027,,,,,,,,,0.0007591760538006345,2.6239595427315615e-05,0.009330346693784984,0.0008482231660004938,,,,,,,,,,,,,,,,,,,,,,,,,,,,,,,,,,,,,,,,,,,,,,,,,,,,,,,,,,,,,,,,,,,,,,,,,,,,,,,,,,,,,,,,,,,,,,,,,,,,,,,,,,,,,,,,,,,,,,,,,,,,,,,,,,,,,,,,,,,,,,,,,,,,,,,,,,,,,,,,,,,,,,,,,,,,,,,,,,,,,,,,,,,,,,,,,,,,,,,,,,,,,,,,,,,,,,,,,,,,,,,,,,,,,,,,,,,,,,,,,,,,,,,,,,,,,,,,,,,,,,,,,,,,,,,,,,,,,,,,,,,,,,,,,,,,,,,,,,,,,,,,,,,,,,,,,,,,,,,,,,,,,,,,,,,,,,,,,,,,,,,,,,,,,,,,,,,,,,,,,,,,,,,,,,,,,,,,,,,,,,,,,,,,,,,,,,,,,,,,,,,,,,,,,,,,,,,,,,,,,,,,,,,,,,,,,,,,,,,,,,,,,,,,,,,,,,,,,,,,,,,0.1981258417877034,0.0024639871659846977,0.0028904103272294423,0.007259170134470785,0.307603456601845,0.1683319906356827,0.028594461280385973,0.011119909501346989,0.18788404094676942,0.0016933279219678568,,,,,,,,,,,,,,,,,,,,,,,,,,,,,,,,,,,,,,,,,,,,,,,,,,,,,,,,,,,,,,,,,,,,,,,,,,,,,,,,,,,,,,,,,,,,,,,,,,,,
staurastrum,0.00019752222802078349,0.00024413829267094816,0.00019421819028325195,0.0004253942796817012,0.00015165100657322343,0.002587064387047626,0.0024130798611577604,0.0019093569714680595,0.0004152604829349159,0.0001649071132712404,0.0005402859562237667,0.00013494794087605557,0.00015137252953052459,6.917087192676307e-05,0.0007302267899726542,,,,,,,,,0.00017795234324050535,0.00014886915149331148,0.00013720306221603017,2.6655333168585254e-05,,,,,,,,,,,,,,,,,,,,,,,,,,,,,,,,,,,,,,,,,,,,,,,,,,,,,,,,,,,,,,,,,,,,,,,,,,,,,,,,,,,,,,,,,,,,,,,,,,,,,,,,,,,,,,,,,,,,,,,,,,,,,,,,,,,,,,,,,,,,,,,,,,,,,,,,,,,,,,,,,,,,,,,,,,,,,,,,,,,,,,,,,,,,,,,,,,,,,,,,,,,,,,,,,,,,,,,,,,,,,,,,,,,,,,,,,,,,,,,,,,,,,,,,,,,,,,,,,,,,,,,,,,,,,,,,,,,,,,,,,,,,,,,,,,,,,,,,,,,,,,,,,,,,,,,,,,,,,,,,,,,,,,,,,,,,,,,,,,,,,,,,,,,,,,,,,,,,,,,,,,,,,,,,,,,,,,,,,,,,,,,,,,,,,,,,,,,,,,,,,,,,,,,,,,,,,,,,,,,,,,,,,,,,,,,,,,,,,,,,,,,,,,,,,,,,,,,,,,,,,,,,,,,,,,,,,0.05630749004646032,0.002464501463824609,0.0003818255578003264,0.009461678831446756,0.24378886412793688,0.2783082229555471,0.0023495181571068146,0.004916339009344108,0.38991676562143973,0.0012855174373356969,,,,,,,,,,,,,,,,,,,,,,,,,,,,,,,,,,,,,,,,,,,,,,,,,,,,,,,,,,,,,,,,,,,,,,,,,,,,,,,,,,,,,,,,,,
strombidium,0.0003996438023079357,0.0010075361819634225,0.0004738155410508108,0.001199028285647802,0.001136330733736148,0.00042690614787473227,0.0006153416052633355,0.0006250945193195607,0.001111000431272399,0.0008310687014539523,0.0026843865799696205,0.00043479943413006104,0.0012498490500243234,0.001196685654599135,0.00045029357172108887,,,,,,,,,0.00010307937443187257,9.482035658168968e-05,0.0007836716291858745,0.00011152320141293803,,,,,,,,,,,,,,,,,,,,,,,,,,,,,,,,,,,,,,,,,,,,,,,,,,,,,,,,,,,,,,,,,,,,,,,,,,,,,,,,,,,,,,,,,,,,,,,,,,,,,,,,,,,,,,,,,,,,,,,,,,,,,,,,,,,,,,,,,,,,,,,,,,,,,,,,,,,,,,,,,,,,,,,,,,,,,,,,,,,,,,,,,,,,,,,,,,,,,,,,,,,,,,,,,,,,,,,,,,,,,,,,,,,,,,,,,,,,,,,,,,,,,,,,,,,,,,,,,,,,,,,,,,,,,,,,,,,,,,,,,,,,,,,,,,,,,,,,,,,,,,,,,,,,,,,,,,,,,,,,,,,,,,,,,,,,,,,,,,,,,,,,,,,,,,,,,,,,,,,,,,,,,,,,,,,,,,,,,,,,,,,,,,,,,,,,,,,,,,,,,,,,,,,,,,,,,,,,,,,,,,,,,,,,,,,,,,,,,,,,,,,,,,,,,,,,,,,,,,,,,,,,,,,,,,,,,,,,,,,,,,,0.01841452042575461,0.0014656400588620902,0.0009390388500786337,0.0015237432149632676,0.08281484083069103,0.4070872461145323,0.010633954602869757,0.0018932437807605783,0.45981296233754954,0.0004799349819914741,,,,,,,,,,,,,,,,,,,,,,,,,,,,,,,,,,,,,,,,,,,,,,,,,,,,,,,,,,,,,,,,,,,,,,,,,,,,,,,,
synchaeta,0.002458548705223208,0.0009088248245539588,0.005155716185945063,0.0008655839309118741,0.0041704884927020736,0.0006450268696185765,0.0030422661920422936,0.005526972559546785,0.003548143104640487,0.0008887681929101643,0.0008085275480559648,0.0017481972224543995,0.0015461609985976948,0.00635991187354323,0.0029911645051997056,,,,,,,,,0.00012986888529517882,1.5767037383074385e-05,0.0002728379518952566,0.0001417929547962324,,,,,,,,,,,,,,,,,,,,,,,,,,,,,,,,,,,,,,,,,,,,,,,,,,,,,,,,,,,,,,,,,,,,,,,,,,,,,,,,,,,,,,,,,,,,,,,,,,,,,,,,,,,,,,,,,,,,,,,,,,,,,,,,,,,,,,,,,,,,,,,,,,,,,,,,,,,,,,,,,,,,,,,,,,,,,,,,,,,,,,,,,,,,,,,,,,,,,,,,,,,,,,,,,,,,,,,,,,,,,,,,,,,,,,,,,,,,,,,,,,,,,,,,,,,,,,,,,,,,,,,,,,,,,,,,,,,,,,,,,,,,,,,,,,,,,,,,,,,,,,,,,,,,,,,,,,,,,,,,,,,,,,,,,,,,,,,,,,,,,,,,,,,,,,,,,,,,,,,,,,,,,,,,,,,,,,,,,,,,,,,,,,,,,,,,,,,,,,,,,,,,,,,,,,,,,,,,,,,,,,,,,,,,,,,,,,,,,,,,,,,,,,,,,,,,,,,,,,,,,,,,,,,,,,,,,,,,,,,,,,,,,,,,,,,,,0.0027932177976166266,0.0006548379942720065,0.00025029456848161055,0.007430883103546399,0.1540644428875186,0.4152700681050216,0.006092647826650376,0.01155938556271804,0.3589385383667298,0.0017211157521297422,,,,,,,,,,,,,,,,,,,,,,,,,,,,,,,,,,,,,,,,,,,,,,,,,,,,,,,,,,,,,,,,,,,,,,
synedra,0.003475872602612509,0.018088947190742596,0.001069873730842842,0.0031342095251348304,0.0014314975788122305,0.00207828094701856,0.0012950841187126805,0.00042366999215787175,0.003682310578122816,0.0016450143928071665,0.0011471586401474426,0.011002626276285577,0.001992572464758088,0.019874145645126007,0.00989325123091736,,,,,,,,,7.917308219423222e-05,8.770466201804026e-06,0.0016383000050927093,0.00019569231943242048,,,,,,,,,,,,,,,,,,,,,,,,,,,,,,,,,,,,,,,,,,,,,,,,,,,,,,,,,,,,,,,,,,,,,,,,,,,,,,,,,,,,,,,,,,,,,,,,,,,,,,,,,,,,,,,,,,,,,,,,,,,,,,,,,,,,,,,,,,,,,,,,,,,,,,,,,,,,,,,,,,,,,,,,,,,,,,,,,,,,,,,,,,,,,,,,,,,,,,,,,,,,,,,,,,,,,,,,,,,,,,,,,,,,,,,,,,,,,,,,,,,,,,,,,,,,,,,,,,,,,,,,,,,,,,,,,,,,,,,,,,,,,,,,,,,,,,,,,,,,,,,,,,,,,,,,,,,,,,,,,,,,,,,,,,,,,,,,,,,,,,,,,,,,,,,,,,,,,,,,,,,,,,,,,,,,,,,,,,,,,,,,,,,,,,,,,,,,,,,,,,,,,,,,,,,,,,,,,,,,,,,,,,,,,,,,,,,,,,,,,,,,,,,,,,,,,,,,,,,,,,,,,,,,,,,,,,,,,,,,,,,,,,,,,,,,,,,,,,,,,,,0.12259676605713883,0.0031621391277517957,0.0012081659649584918,0.009414201596595149,0.20727023707585654,0.27435769670859816,0.026871302368245854,0.00830143296721435,0.2642383765859575,0.00042323076056374477,,,,,,,,,,,,,,,,,,,,,,,,,,,,,,,,,,,,,,,,,,,,,,,,,,,,,,,,,,,,
synedra_angustissima,0.0010073486417724667,0.001931067042589052,0.0021693260873104025,0.004808443528136392,0.0013790173738348222,0.0041447339548948145,0.002826088111287623,0.0028264458497080326,0.0020853982702999383,0.002326872841454764,0.0030184822459492977,0.0005634968390593241,0.004177524213333906,0.0013500950400344499,0.003324217175819704,,,,,,,,,0.002121284679568635,8.586831127983367e-05,0.002459156402544629,0.00033740834429762625,,,,,,,,,,,,,,,,,,,,,,,,,,,,,,,,,,,,,,,,,,,,,,,,,,,,,,,,,,,,,,,,,,,,,,,,,,,,,,,,,,,,,,,,,,,,,,,,,,,,,,,,,,,,,,,,,,,,,,,,,,,,,,,,,,,,,,,,,,,,,,,,,,,,,,,,,,,,,,,,,,,,,,,,,,,,,,,,,,,,,,,,,,,,,,,,,,,,,,,,,,,,,,,,,,,,,,,,,,,,,,,,,,,,,,,,,,,,,,,,,,,,,,,,,,,,,,,,,,,,,,,,,,,,,,,,,,,,,,,,,,,,,,,,,,,,,,,,,,,,,,,,,,,,,,,,,,,,,,,,,,,,,,,,,,,,,,,,,,,,,,,,,,,,,,,,,,,,,,,,,,,,,,,,,,,,,,,,,,,,,,,,,,,,,,,,,,,,,,,,,,,,,,,,,,,,,,,,,,,,,,,,,,,,,,,,,,,,,,,,,,,,,,,,,,,,,,,,,,,,,,,,,,,,,,,,,,,,,,,,,,,,,,,,,,,,,,,,,,,,,,,,,,,,,,,,,0.0015339344531100103,0.004255575987243177,0.0005037420535118815,0.005750558420676788,0.1485131650102024,0.34493016215330213,0.09967863352211477,0.007673894359910473,0.33907929335342374,0.0051387657333288594,,,,,,,,,,,,,,,,,,,,,,,,,,,,,,,,,,,,,,,,,,,,,,,,,,
synura,0.0023794321483972445,0.006428282420770066,0.0032791724998839657,0.041833905534439775,0.0024203625400167983,0.0021484828589123394,0.0014320885090172188,0.0017766511085358962,0.0023490127667467903,0.0016398965549966602,0.011491193974411791,0.00409364762260647,0.001711763715894079,0.002359580303080588,0.003998480384353724,,,,,,,,,0.0035940783379198858,0.0037571111213372346,0.018042181099550046,0.0016495436307464926,,,,,,,,,,,,,,,,,,,,,,,,,,,,,,,,,,,,,,,,,,,,,,,,,,,,,,,,,,,,,,,,,,,,,,,,,,,,,,,,,,,,,,,,,,,,,,,,,,,,,,,,,,,,,,,,,,,,,,,,,,,,,,,,,,,,,,,,,,,,,,,,,,,,,,,,,,,,,,,,,,,,,,,,,,,,,,,,,,,,,,,,,,,,,,,,,,,,,,,,,,,,,,,,,,,,,,,,,,,,,,,,,,,,,,,,,,,,,,,,,,,,,,,,,,,,,,,,,,,,,,,,,,,,,,,,,,,,,,,,,,,,,,,,,,,,,,,,,,,,,,,,,,,,,,,,,,,,,,,,,,,,,,,,,,,,,,,,,,,,,,,,,,,,,,,,,,,,,,,,,,,,,,,,,,,,,,,,,,,,,,,,,,,,,,,,,,,,,,,,,,,,,,,,,,,,,,,,,,,,,,,,,,,,,,,,,,,,,,,,,,,,,,,,,,,,,,,,,,,,,,,,,,,,,,,,,,,,,,,,,,,,,,,,,,,,,,,,,,,,,,,,,,,,,,,,,,,,,,,,,,,0.002395400552616056,0.001224170190477408,0.0009036788291803838,0.011869171243560015,0.2162865758269303,0.3083652954118572,0.017765419469247735,0.009383685729392032,0.3142811750956229,0.0011405605194988462,,,,,,,,,,,,,,,,,,,,,,,,,,,,,,,,,,,,,,,,
tetraedron,0.0014810161452592531,0.0036588736479744683,0.0017812396605490898,0.0034726049169299267,0.0022412417300614962,0.002469381413334254,0.002368971254010439,0.002151504360654803,0.002837711936268271,0.0026948839792843445,0.006743703873534601,0.0021767354221572644,0.0022961079964504178,0.0021196374767701994,0.0021158845587162453,,,,,,,,,0.0007612624697818375,0.0002794610355246072,0.001786017234322432,0.0002227920771696765,,,,,,,,,,,,,,,,,,,,,,,,,,,,,,,,,,,,,,,,,,,,,,,,,,,,,,,,,,,,,,,,,,,,,,,,,,,,,,,,,,,,,,,,,,,,,,,,,,,,,,,,,,,,,,,,,,,,,,,,,,,,,,,,,,,,,,,,,,,,,,,,,,,,,,,,,,,,,,,,,,,,,,,,,,,,,,,,,,,,,,,,,,,,,,,,,,,,,,,,,,,,,,,,,,,,,,,,,,,,,,,,,,,,,,,,,,,,,,,,,,,,,,,,,,,,,,,,,,,,,,,,,,,,,,,,,,,,,,,,,,,,,,,,,,,,,,,,,,,,,,,,,,,,,,,,,,,,,,,,,,,,,,,,,,,,,,,,,,,,,,,,,,,,,,,,,,,,,,,,,,,,,,,,,,,,,,,,,,,,,,,,,,,,,,,,,,,,,,,,,,,,,,,,,,,,,,,,,,,,,,,,,,,,,,,,,,,,,,,,,,,,,,,,,,,,,,,,,,,,,,,,,,,,,,,,,,,,,,,,,,,,,,,,,,,,,,,,,,,,,,,,,,,,,,,,,,,,,,,,,,,,,,,,,,,,,0.424395176047399,0.009329159272893134,0.004135588638386778,0.006231261182057118,0.3611071523246187,0.08370114268999407,0.022008179226227814,0.007201214217192385,0.03555566834929353,0.002676426863183736,,,,,,,,,,,,,,,,,,,,,,,,,,,,,,
tintinnid,0.006314200158361968,0.00593975937996273,0.005476122643374376,0.0037475657293691853,0.0062955303570403805,0.002048711464310949,0.004235746939228005,0.004810691175481743,0.011557949538568835,0.004922654821922578,0.0015114708490307084,0.00870552774410909,0.001432826870355963,0.019308023761142976,0.007979212892264888,,,,,,,,,0.00406872164788944,0.0018631071676049945,0.0030506604257497035,0.0015106181606917614,,,,,,,,,,,,,,,,,,,,,,,,,,,,,,,,,,,,,,,,,,,,,,,,,,,,,,,,,,,,,,,,,,,,,,,,,,,,,,,,,,,,,,,,,,,,,,,,,,,,,,,,,,,,,,,,,,,,,,,,,,,,,,,,,,,,,,,,,,,,,,,,,,,,,,,,,,,,,,,,,,,,,,,,,,,,,,,,,,,,,,,,,,,,,,,,,,,,,,,,,,,,,,,,,,,,,,,,,,,,,,,,,,,,,,,,,,,,,,,,,,,,,,,,,,,,,,,,,,,,,,,,,,,,,,,,,,,,,,,,,,,,,,,,,,,,,,,,,,,,,,,,,,,,,,,,,,,,,,,,,,,,,,,,,,,,,,,,,,,,,,,,,,,,,,,,,,,,,,,,,,,,,,,,,,,,,,,,,,,,,,,,,,,,,,,,,,,,,,,,,,,,,,,,,,,,,,,,,,,,,,,,,,,,,,,,,,,,,,,,,,,,,,,,,,,,,,,,,,,,,,,,,,,,,,,,,,,,,,,,,,,,,,,,,,,,,,,,,,,,,,,,,,,,,,,,,,,,,,,,,,,,,,,,,,,,,,,,,,,,,,,0.27335301250390315,0.010075695134871289,0.005077322110600211,0.0037365398440835215,0.2760478450053123,0.15917722471543472,0.008251260946624156,0.009349664590713612,0.1444659969076725,0.00568633651432421,,,,,,,,,,,,,,,,,,,,
trichocerca,0.0033534953192616975,0.0008300651993084781,0.0019471724093931483,0.0004931472706830234,0.004830453832762043,0.0005613797187939154,0.0002720430864350596,0.000308119497062362,0.0007985835691818728,0.000546099133044936,0.0002375966742299061,0.002431528030277585,0.00023063479683054457,0.003530295973806329,0.004221228710630334,,,,,,,,,0.001567394686699058,2.449826835565795e-05,0.00046790293444791506,6.197628204679323e-05,,,,,,,,,,,,,,,,,,,,,,,,,,,,,,,,,,,,,,,,,,,,,,,,,,,,,,,,,,,,,,,,,,,,,,,,,,,,,,,,,,,,,,,,,,,,,,,,,,,,,,,,,,,,,,,,,,,,,,,,,,,,,,,,,,,,,,,,,,,,,,,,,,,,,,,,,,,,,,,,,,,,,,,,,,,,,,,,,,,,,,,,,,,,,,,,,,,,,,,,,,,,,,,,,,,,,,,,,,,,,,,,,,,,,,,,,,,,,,,,,,,,,,,,,,,,,,,,,,,,,,,,,,,,,,,,,,,,,,,,,,,,,,,,,,,,,,,,,,,,,,,,,,,,,,,,,,,,,,,,,,,,,,,,,,,,,,,,,,,,,,,,,,,,,,,,,,,,,,,,,,,,,,,,,,,,,,,,,,,,,,,,,,,,,,,,,,,,,,,,,,,,,,,,,,,,,,,,,,,,,,,,,,,,,,,,,,,,,,,,,,,,,,,,,,,,,,,,,,,,,,,,,,,,,,,,,,,,,,,,,,,,,,,,,,,,,,,,,,,,,,,,,,,,,,,,,,,,,,,,,,,,,,,,,,,,,,,,,,,,,,,,,,,,,,,,,0.05751668575135487,0.001070830143898385,0.0006381911875617015,0.0015462207417012137,0.26433967050380414,0.276891677475015,0.0038805020871292345,0.0019071391018307706,0.36517102876875357,0.0003244388457005798,,,,,,,,,,
uroglena,0.013598839742826276,0.0007636208153354308,0.006236403514672635,0.001768566640823219,0.0011481254313564307,0.0015306025971982126,0.005529511457074493,0.0020383459914388004,0.0010197601454009517,0.005295086407596511,0.01402077321915073,0.007995726828566774,0.025542322650837054,0.001972639021298932,0.003853238783768527,,,,,,,,,0.0005258063846041729,0.00015384500253194053,0.012679188583825223,0.0002479476931789887,,,,,,,,,,,,,,,,,,,,,,,,,,,,,,,,,,,,,,,,,,,,,,,,,,,,,,,,,,,,,,,,,,,,,,,,,,,,,,,,,,,,,,,,,,,,,,,,,,,,,,,,,,,,,,,,,,,,,,,,,,,,,,,,,,,,,,,,,,,,,,,,,,,,,,,,,,,,,,,,,,,,,,,,,,,,,,,,,,,,,,,,,,,,,,,,,,,,,,,,,,,,,,,,,,,,,,,,,,,,,,,,,,,,,,,,,,,,,,,,,,,,,,,,,,,,,,,,,,,,,,,,,,,,,,,,,,,,,,,,,,,,,,,,,,,,,,,,,,,,,,,,,,,,,,,,,,,,,,,,,,,,,,,,,,,,,,,,,,,,,,,,,,,,,,,,,,,,,,,,,,,,,,,,,,,,,,,,,,,,,,,,,,,,,,,,,,,,,,,,,,,,,,,,,,,,,,,,,,,,,,,,,,,,,,,,,,,,,,,,,,,,,,,,,,,,,,,,,,,,,,,,,,,,,,,,,,,,,,,,,,,,,,,,,,,,,,,,,,,,,,,,,,,,,,,,,,,,,,,,,,,,,,,,,,,,,,,,,,,,,,,,,,,,,,,,,,,,,,,,,,,0.00928916630568302,0.0021240479388489786,0.0009428274257581509,0.011357517004755655,0.17239595025944662,0.30354918941187625,0.018310584940727348,0.008799886056419756,0.36594312686434527,0.001367352880653706
